site_id,location,timestamp,uptime,energy_consumption,alarm_count,signal_strength
Site_1000,Location_0,2025-03-01,96.87,780.29,2,91.19
Site_1000,Location_0,2025-03-02,97.98,578.33,2,78.37
Site_1000,Location_0,2025-03-03,96.67,457.15,2,60.82
Site_1000,Location_0,2025-03-04,99.85,732.98,1,67.27
Site_1000,Location_0,2025-03-05,95.92,521.7,4,77.28
Site_1000,Location_0,2025-03-06,96.46,644.74,1,61.87
Site_1000,Location_0,2025-03-07,99.87,493.11,2,75.3
Site_1000,Location_0,2025-03-08,99.92,586.71,4,84.3
Site_1000,Location_0,2025-03-09,95.85,426.02,3,97.69
Site_1000,Location_0,2025-03-10,97.82,554.17,1,63.91
Site_1000,Location_0,2025-03-11,98.42,576.06,3,79.81
Site_1000,Location_0,2025-03-12,95.17,763.73,3,67.29
Site_1000,Location_0,2025-03-13,98.78,570.06,1,82.71
Site_1000,Location_0,2025-03-14,95.16,736.91,3,97.58
Site_1000,Location_0,2025-03-15,99.47,639.16,3,61.81
Site_1000,Location_0,2025-03-16,96.63,555.47,1,81.59
Site_1000,Location_0,2025-03-17,97.93,786.1,3,81.71
Site_1000,Location_0,2025-03-18,95.7,720.88,0,60.63
Site_1000,Location_0,2025-03-19,97.12,557.95,2,67.95
Site_1000,Location_0,2025-03-20,98.56,716.07,2,62.96
Site_1000,Location_0,2025-03-21,96.79,446.35,0,84.93
Site_1000,Location_0,2025-03-22,96.65,425.42,4,89.18
Site_1000,Location_0,2025-03-23,98.19,754.89,0,75.32
Site_1000,Location_0,2025-03-24,99.86,739.57,4,82.45
Site_1000,Location_0,2025-03-25,98.85,597.52,0,88.43
Site_1000,Location_0,2025-03-26,95.55,575.73,2,61.26
Site_1000,Location_0,2025-03-27,98.18,525.74,3,96.3
Site_1000,Location_0,2025-03-28,96.25,564.15,2,68.12
Site_1000,Location_0,2025-03-29,99.71,639.55,2,66.45
Site_1000,Location_0,2025-03-30,99.65,723.25,0,64.22
Site_1001,Location_1,2025-03-01,97.28,487.38,3,95.7
Site_1001,Location_1,2025-03-02,97.7,722.98,3,74.25
Site_1001,Location_1,2025-03-03,99.53,508.85,2,77.08
Site_1001,Location_1,2025-03-04,99.09,744.29,2,76.7
Site_1001,Location_1,2025-03-05,96.11,447.95,3,69.77
Site_1001,Location_1,2025-03-06,95.84,487.51,0,76.15
Site_1001,Location_1,2025-03-07,95.32,501.57,3,70.07
Site_1001,Location_1,2025-03-08,97.49,520.35,0,99.91
Site_1001,Location_1,2025-03-09,96.33,790.65,3,62.06
Site_1001,Location_1,2025-03-10,96.39,763.31,2,87.23
Site_1001,Location_1,2025-03-11,97.65,579.11,3,63.23
Site_1001,Location_1,2025-03-12,96.85,496.86,4,85.29
Site_1001,Location_1,2025-03-13,98.17,614.31,0,66.03
Site_1001,Location_1,2025-03-14,97.54,678.33,2,83.64
Site_1001,Location_1,2025-03-15,98.39,406.64,2,92.38
Site_1001,Location_1,2025-03-16,96.74,438.47,0,87.64
Site_1001,Location_1,2025-03-17,96.93,774.69,0,87.03
Site_1001,Location_1,2025-03-18,98.68,483.63,1,70.32
Site_1001,Location_1,2025-03-19,98.3,726.89,0,80.67
Site_1001,Location_1,2025-03-20,96.3,798.5,3,82.33
Site_1001,Location_1,2025-03-21,99.41,475.48,0,73.97
Site_1001,Location_1,2025-03-22,98.63,758.84,0,85.68
Site_1001,Location_1,2025-03-23,95.42,464.65,3,83.23
Site_1001,Location_1,2025-03-24,96.86,776.05,0,60.2
Site_1001,Location_1,2025-03-25,95.8,619.49,2,86.08
Site_1001,Location_1,2025-03-26,96.12,684.87,0,79.76
Site_1001,Location_1,2025-03-27,95.89,546.59,2,86.3
Site_1001,Location_1,2025-03-28,97.84,437.47,2,85.45
Site_1001,Location_1,2025-03-29,96.25,635.95,4,79.47
Site_1001,Location_1,2025-03-30,99.53,573.76,4,80.11
Site_1002,Location_2,2025-03-01,97.88,597.01,4,69.21
Site_1002,Location_2,2025-03-02,97.5,628.8,0,61.74
Site_1002,Location_2,2025-03-03,99.97,587.98,4,95.34
Site_1002,Location_2,2025-03-04,98.74,781.23,4,77.13
Site_1002,Location_2,2025-03-05,99.83,785.45,0,63.01
Site_1002,Location_2,2025-03-06,96.53,476.36,0,72.68
Site_1002,Location_2,2025-03-07,95.85,622.72,1,97.2
Site_1002,Location_2,2025-03-08,95.35,483.57,1,70.17
Site_1002,Location_2,2025-03-09,96.48,529.02,0,65.46
Site_1002,Location_2,2025-03-10,98.54,621.13,1,92.37
Site_1002,Location_2,2025-03-11,99.05,746.83,4,63.26
Site_1002,Location_2,2025-03-12,95.03,651.16,3,86.0
Site_1002,Location_2,2025-03-13,98.51,718.32,3,95.46
Site_1002,Location_2,2025-03-14,95.14,631.55,2,78.62
Site_1002,Location_2,2025-03-15,97.71,514.62,1,94.42
Site_1002,Location_2,2025-03-16,96.25,415.53,2,65.08
Site_1002,Location_2,2025-03-17,97.61,708.0,3,98.61
Site_1002,Location_2,2025-03-18,97.29,736.81,3,76.45
Site_1002,Location_2,2025-03-19,98.5,455.34,4,98.78
Site_1002,Location_2,2025-03-20,98.57,416.43,2,77.56
Site_1002,Location_2,2025-03-21,95.39,410.14,4,63.23
Site_1002,Location_2,2025-03-22,97.14,675.4,0,66.93
Site_1002,Location_2,2025-03-23,95.78,500.1,0,86.41
Site_1002,Location_2,2025-03-24,96.4,781.95,4,84.47
Site_1002,Location_2,2025-03-25,97.1,499.09,2,90.31
Site_1002,Location_2,2025-03-26,95.07,446.43,4,63.77
Site_1002,Location_2,2025-03-27,96.56,791.8,4,78.97
Site_1002,Location_2,2025-03-28,95.49,596.65,3,66.93
Site_1002,Location_2,2025-03-29,97.17,559.4,1,97.97
Site_1002,Location_2,2025-03-30,99.43,504.36,1,85.03
Site_1003,Location_3,2025-03-01,97.52,742.6,4,87.36
Site_1003,Location_3,2025-03-02,98.08,777.56,1,61.06
Site_1003,Location_3,2025-03-03,97.93,776.09,3,75.53
Site_1003,Location_3,2025-03-04,98.22,583.3,2,92.83
Site_1003,Location_3,2025-03-05,98.13,728.17,1,68.27
Site_1003,Location_3,2025-03-06,96.37,485.84,1,61.56
Site_1003,Location_3,2025-03-07,98.09,534.62,1,72.76
Site_1003,Location_3,2025-03-08,99.22,409.31,1,70.43
Site_1003,Location_3,2025-03-09,97.48,677.16,1,85.16
Site_1003,Location_3,2025-03-10,99.39,694.03,4,98.7
Site_1003,Location_3,2025-03-11,97.74,569.39,2,99.62
Site_1003,Location_3,2025-03-12,97.06,548.81,4,69.54
Site_1003,Location_3,2025-03-13,98.4,695.96,2,64.12
Site_1003,Location_3,2025-03-14,99.51,602.1,0,72.8
Site_1003,Location_3,2025-03-15,99.48,555.68,3,98.34
Site_1003,Location_3,2025-03-16,99.24,541.96,3,98.0
Site_1003,Location_3,2025-03-17,99.75,629.38,4,63.67
Site_1003,Location_3,2025-03-18,98.01,621.48,4,90.09
Site_1003,Location_3,2025-03-19,98.96,715.85,4,97.24
Site_1003,Location_3,2025-03-20,99.87,798.37,1,77.66
Site_1003,Location_3,2025-03-21,99.44,540.37,1,98.75
Site_1003,Location_3,2025-03-22,98.44,734.79,0,64.04
Site_1003,Location_3,2025-03-23,95.42,680.39,1,75.87
Site_1003,Location_3,2025-03-24,99.46,458.64,4,63.39
Site_1003,Location_3,2025-03-25,99.93,549.71,0,95.21
Site_1003,Location_3,2025-03-26,96.18,763.08,4,90.14
Site_1003,Location_3,2025-03-27,96.88,433.4,4,75.12
Site_1003,Location_3,2025-03-28,98.53,499.49,2,64.45
Site_1003,Location_3,2025-03-29,97.46,404.54,3,82.86
Site_1003,Location_3,2025-03-30,98.7,706.88,0,89.77
Site_1004,Location_4,2025-03-01,98.41,495.0,0,74.99
Site_1004,Location_4,2025-03-02,96.43,747.44,4,98.53
Site_1004,Location_4,2025-03-03,95.06,787.95,4,72.91
Site_1004,Location_4,2025-03-04,95.22,769.86,3,62.95
Site_1004,Location_4,2025-03-05,97.77,787.72,1,66.65
Site_1004,Location_4,2025-03-06,96.08,517.8,0,85.1
Site_1004,Location_4,2025-03-07,97.92,760.46,0,96.61
Site_1004,Location_4,2025-03-08,99.79,423.15,3,64.27
Site_1004,Location_4,2025-03-09,96.68,467.87,3,78.55
Site_1004,Location_4,2025-03-10,96.77,633.46,3,74.41
Site_1004,Location_4,2025-03-11,96.3,581.3,0,71.19
Site_1004,Location_4,2025-03-12,97.06,641.11,4,65.33
Site_1004,Location_4,2025-03-13,95.38,776.21,2,89.03
Site_1004,Location_4,2025-03-14,98.07,567.3,1,82.06
Site_1004,Location_4,2025-03-15,95.82,564.5,0,79.21
Site_1004,Location_4,2025-03-16,99.93,550.7,1,75.24
Site_1004,Location_4,2025-03-17,99.85,736.85,4,62.54
Site_1004,Location_4,2025-03-18,95.18,453.54,4,62.26
Site_1004,Location_4,2025-03-19,99.32,725.16,4,99.87
Site_1004,Location_4,2025-03-20,97.78,707.59,4,90.28
Site_1004,Location_4,2025-03-21,96.89,496.43,0,65.17
Site_1004,Location_4,2025-03-22,99.77,642.47,0,86.87
Site_1004,Location_4,2025-03-23,98.09,543.27,1,79.93
Site_1004,Location_4,2025-03-24,97.38,732.55,1,94.09
Site_1004,Location_4,2025-03-25,97.76,624.38,2,76.14
Site_1004,Location_4,2025-03-26,95.67,411.51,4,84.81
Site_1004,Location_4,2025-03-27,98.52,485.19,3,99.22
Site_1004,Location_4,2025-03-28,98.04,654.66,2,63.64
Site_1004,Location_4,2025-03-29,98.63,618.98,0,91.35
Site_1004,Location_4,2025-03-30,96.98,648.83,2,87.91
Site_1005,Location_5,2025-03-01,98.98,583.74,0,79.68
Site_1005,Location_5,2025-03-02,96.29,583.65,1,84.83
Site_1005,Location_5,2025-03-03,96.74,483.65,2,69.61
Site_1005,Location_5,2025-03-04,95.38,451.55,2,65.55
Site_1005,Location_5,2025-03-05,98.2,472.75,0,95.87
Site_1005,Location_5,2025-03-06,97.37,667.02,1,84.08
Site_1005,Location_5,2025-03-07,96.12,728.72,1,71.14
Site_1005,Location_5,2025-03-08,95.89,435.48,0,81.38
Site_1005,Location_5,2025-03-09,96.78,757.69,0,80.14
Site_1005,Location_5,2025-03-10,98.45,415.72,0,79.25
Site_1005,Location_5,2025-03-11,98.44,604.66,2,96.83
Site_1005,Location_5,2025-03-12,95.31,510.75,0,63.38
Site_1005,Location_5,2025-03-13,97.99,794.5,1,90.4
Site_1005,Location_5,2025-03-14,97.66,688.21,1,61.47
Site_1005,Location_5,2025-03-15,96.26,685.34,2,81.28
Site_1005,Location_5,2025-03-16,95.54,578.96,2,75.89
Site_1005,Location_5,2025-03-17,95.52,694.96,3,60.8
Site_1005,Location_5,2025-03-18,96.61,484.58,1,81.41
Site_1005,Location_5,2025-03-19,96.17,537.17,0,87.16
Site_1005,Location_5,2025-03-20,98.95,599.38,3,81.48
Site_1005,Location_5,2025-03-21,97.93,698.18,0,82.58
Site_1005,Location_5,2025-03-22,96.89,534.98,3,85.84
Site_1005,Location_5,2025-03-23,97.85,542.44,4,73.21
Site_1005,Location_5,2025-03-24,99.67,403.01,4,66.11
Site_1005,Location_5,2025-03-25,96.23,464.27,2,63.52
Site_1005,Location_5,2025-03-26,99.03,422.26,0,63.21
Site_1005,Location_5,2025-03-27,97.62,564.16,3,99.89
Site_1005,Location_5,2025-03-28,99.48,630.4,2,94.62
Site_1005,Location_5,2025-03-29,99.09,503.16,2,92.83
Site_1005,Location_5,2025-03-30,98.59,614.01,1,71.2
Site_1006,Location_6,2025-03-01,98.85,474.82,3,77.02
Site_1006,Location_6,2025-03-02,97.54,496.96,0,84.42
Site_1006,Location_6,2025-03-03,96.44,632.5,2,97.28
Site_1006,Location_6,2025-03-04,96.6,637.55,1,78.17
Site_1006,Location_6,2025-03-05,97.74,619.57,1,72.89
Site_1006,Location_6,2025-03-06,99.05,501.86,4,60.11
Site_1006,Location_6,2025-03-07,95.58,589.27,2,73.95
Site_1006,Location_6,2025-03-08,99.65,732.25,3,76.34
Site_1006,Location_6,2025-03-09,99.66,796.37,1,67.25
Site_1006,Location_6,2025-03-10,95.33,696.45,3,93.67
Site_1006,Location_6,2025-03-11,95.7,718.11,3,66.55
Site_1006,Location_6,2025-03-12,95.82,725.83,2,85.35
Site_1006,Location_6,2025-03-13,99.54,526.48,1,75.7
Site_1006,Location_6,2025-03-14,99.08,575.65,2,84.96
Site_1006,Location_6,2025-03-15,97.7,575.5,0,69.29
Site_1006,Location_6,2025-03-16,99.5,553.56,4,96.26
Site_1006,Location_6,2025-03-17,98.12,446.76,2,85.11
Site_1006,Location_6,2025-03-18,96.67,455.71,4,79.82
Site_1006,Location_6,2025-03-19,98.71,629.26,4,66.07
Site_1006,Location_6,2025-03-20,96.56,499.4,0,61.34
Site_1006,Location_6,2025-03-21,97.85,704.98,2,90.19
Site_1006,Location_6,2025-03-22,95.51,614.59,3,78.28
Site_1006,Location_6,2025-03-23,98.02,600.92,4,79.45
Site_1006,Location_6,2025-03-24,97.04,708.75,2,85.65
Site_1006,Location_6,2025-03-25,98.47,617.09,2,83.96
Site_1006,Location_6,2025-03-26,99.13,783.63,1,97.89
Site_1006,Location_6,2025-03-27,95.77,634.49,1,84.46
Site_1006,Location_6,2025-03-28,95.09,748.85,3,64.09
Site_1006,Location_6,2025-03-29,99.59,716.03,4,88.29
Site_1006,Location_6,2025-03-30,95.76,630.52,1,62.76
Site_1007,Location_7,2025-03-01,95.39,441.7,0,97.02
Site_1007,Location_7,2025-03-02,97.25,445.3,4,66.62
Site_1007,Location_7,2025-03-03,95.93,735.0,0,94.8
Site_1007,Location_7,2025-03-04,97.59,636.51,4,75.17
Site_1007,Location_7,2025-03-05,98.72,482.23,0,60.19
Site_1007,Location_7,2025-03-06,96.67,559.27,0,94.54
Site_1007,Location_7,2025-03-07,99.61,586.28,2,89.5
Site_1007,Location_7,2025-03-08,97.26,489.84,3,96.51
Site_1007,Location_7,2025-03-09,96.24,631.05,3,76.76
Site_1007,Location_7,2025-03-10,99.57,544.96,2,85.29
Site_1007,Location_7,2025-03-11,95.07,665.41,0,98.44
Site_1007,Location_7,2025-03-12,95.74,565.85,3,81.4
Site_1007,Location_7,2025-03-13,95.92,519.84,4,75.89
Site_1007,Location_7,2025-03-14,97.13,719.91,4,85.0
Site_1007,Location_7,2025-03-15,96.89,734.63,2,62.63
Site_1007,Location_7,2025-03-16,98.88,581.32,1,81.38
Site_1007,Location_7,2025-03-17,97.41,598.8,2,66.21
Site_1007,Location_7,2025-03-18,95.91,744.71,2,74.93
Site_1007,Location_7,2025-03-19,96.35,657.6,3,92.03
Site_1007,Location_7,2025-03-20,99.89,735.92,4,76.32
Site_1007,Location_7,2025-03-21,97.76,501.56,2,80.22
Site_1007,Location_7,2025-03-22,97.98,535.71,4,67.14
Site_1007,Location_7,2025-03-23,98.26,495.27,1,92.21
Site_1007,Location_7,2025-03-24,99.94,641.28,2,98.51
Site_1007,Location_7,2025-03-25,99.72,456.43,1,60.52
Site_1007,Location_7,2025-03-26,95.43,483.15,2,64.91
Site_1007,Location_7,2025-03-27,99.38,657.17,1,95.71
Site_1007,Location_7,2025-03-28,99.09,536.73,1,93.0
Site_1007,Location_7,2025-03-29,96.82,413.69,3,84.97
Site_1007,Location_7,2025-03-30,97.05,620.82,1,94.44
Site_1008,Location_8,2025-03-01,96.1,789.82,3,65.6
Site_1008,Location_8,2025-03-02,99.34,594.97,0,79.39
Site_1008,Location_8,2025-03-03,97.56,696.67,1,85.34
Site_1008,Location_8,2025-03-04,96.29,455.74,2,76.87
Site_1008,Location_8,2025-03-05,95.66,760.23,1,70.89
Site_1008,Location_8,2025-03-06,95.09,765.72,4,92.6
Site_1008,Location_8,2025-03-07,97.49,426.87,4,86.06
Site_1008,Location_8,2025-03-08,99.15,482.57,1,65.6
Site_1008,Location_8,2025-03-09,96.32,506.6,2,83.9
Site_1008,Location_8,2025-03-10,98.0,666.01,1,96.58
Site_1008,Location_8,2025-03-11,97.09,553.26,1,76.88
Site_1008,Location_8,2025-03-12,96.77,783.45,0,63.31
Site_1008,Location_8,2025-03-13,98.02,498.14,4,93.48
Site_1008,Location_8,2025-03-14,97.19,766.21,2,71.88
Site_1008,Location_8,2025-03-15,97.83,590.42,4,79.35
Site_1008,Location_8,2025-03-16,96.35,615.94,2,83.8
Site_1008,Location_8,2025-03-17,95.26,598.55,4,66.19
Site_1008,Location_8,2025-03-18,98.12,589.69,0,63.01
Site_1008,Location_8,2025-03-19,98.64,598.2,2,83.93
Site_1008,Location_8,2025-03-20,97.3,430.37,1,91.98
Site_1008,Location_8,2025-03-21,98.47,508.86,1,64.12
Site_1008,Location_8,2025-03-22,96.57,722.97,0,65.47
Site_1008,Location_8,2025-03-23,99.75,578.4,3,81.68
Site_1008,Location_8,2025-03-24,99.36,692.89,4,90.36
Site_1008,Location_8,2025-03-25,98.62,654.89,0,96.13
Site_1008,Location_8,2025-03-26,98.23,677.27,0,97.76
Site_1008,Location_8,2025-03-27,95.2,682.23,0,67.22
Site_1008,Location_8,2025-03-28,97.84,766.2,4,89.24
Site_1008,Location_8,2025-03-29,95.96,446.11,2,97.77
Site_1008,Location_8,2025-03-30,97.37,744.82,2,72.76
Site_1009,Location_9,2025-03-01,99.14,414.8,2,82.43
Site_1009,Location_9,2025-03-02,97.41,754.0,2,73.59
Site_1009,Location_9,2025-03-03,98.62,426.14,0,81.54
Site_1009,Location_9,2025-03-04,98.31,695.14,0,95.44
Site_1009,Location_9,2025-03-05,98.08,493.18,2,94.8
Site_1009,Location_9,2025-03-06,95.11,749.88,4,75.36
Site_1009,Location_9,2025-03-07,99.66,428.01,3,62.11
Site_1009,Location_9,2025-03-08,95.44,415.04,3,85.1
Site_1009,Location_9,2025-03-09,99.37,793.63,1,63.67
Site_1009,Location_9,2025-03-10,96.68,609.01,0,69.55
Site_1009,Location_9,2025-03-11,95.55,541.85,1,71.85
Site_1009,Location_9,2025-03-12,96.17,416.84,0,96.41
Site_1009,Location_9,2025-03-13,95.23,443.79,0,87.19
Site_1009,Location_9,2025-03-14,96.09,779.98,4,70.36
Site_1009,Location_9,2025-03-15,97.94,792.93,2,96.15
Site_1009,Location_9,2025-03-16,99.95,697.34,3,69.27
Site_1009,Location_9,2025-03-17,99.71,659.86,4,93.23
Site_1009,Location_9,2025-03-18,95.6,418.78,0,68.82
Site_1009,Location_9,2025-03-19,95.93,711.83,4,62.31
Site_1009,Location_9,2025-03-20,99.85,753.51,2,83.89
Site_1009,Location_9,2025-03-21,97.63,504.09,2,90.33
Site_1009,Location_9,2025-03-22,98.48,461.56,2,68.98
Site_1009,Location_9,2025-03-23,96.12,614.79,0,95.8
Site_1009,Location_9,2025-03-24,99.3,582.97,2,70.92
Site_1009,Location_9,2025-03-25,97.38,417.75,1,94.49
Site_1009,Location_9,2025-03-26,99.05,662.1,4,89.41
Site_1009,Location_9,2025-03-27,96.41,501.06,2,88.94
Site_1009,Location_9,2025-03-28,97.48,432.42,3,64.38
Site_1009,Location_9,2025-03-29,99.47,796.59,1,79.81
Site_1009,Location_9,2025-03-30,97.4,636.96,1,82.85
Site_1010,Location_0,2025-03-01,98.31,617.51,4,70.68
Site_1010,Location_0,2025-03-02,99.39,718.97,3,94.02
Site_1010,Location_0,2025-03-03,99.34,683.35,2,69.55
Site_1010,Location_0,2025-03-04,99.65,442.33,2,90.11
Site_1010,Location_0,2025-03-05,95.79,752.35,1,78.62
Site_1010,Location_0,2025-03-06,99.4,402.06,2,69.15
Site_1010,Location_0,2025-03-07,99.54,400.45,1,93.29
Site_1010,Location_0,2025-03-08,97.54,402.55,4,84.68
Site_1010,Location_0,2025-03-09,99.91,652.73,1,85.36
Site_1010,Location_0,2025-03-10,97.7,711.94,2,90.44
Site_1010,Location_0,2025-03-11,97.71,785.2,3,85.3
Site_1010,Location_0,2025-03-12,99.66,441.0,3,66.95
Site_1010,Location_0,2025-03-13,98.85,778.92,0,90.84
Site_1010,Location_0,2025-03-14,98.54,589.43,1,62.99
Site_1010,Location_0,2025-03-15,99.26,796.06,4,77.84
Site_1010,Location_0,2025-03-16,98.24,637.76,3,60.98
Site_1010,Location_0,2025-03-17,95.11,529.44,2,70.1
Site_1010,Location_0,2025-03-18,95.01,463.58,1,99.88
Site_1010,Location_0,2025-03-19,97.13,580.55,4,87.75
Site_1010,Location_0,2025-03-20,96.1,432.95,3,86.18
Site_1010,Location_0,2025-03-21,96.37,780.35,3,61.25
Site_1010,Location_0,2025-03-22,98.66,763.81,4,85.54
Site_1010,Location_0,2025-03-23,96.99,509.69,2,72.48
Site_1010,Location_0,2025-03-24,96.6,689.77,1,68.52
Site_1010,Location_0,2025-03-25,95.16,660.67,3,82.51
Site_1010,Location_0,2025-03-26,97.36,617.29,3,67.42
Site_1010,Location_0,2025-03-27,99.34,710.64,2,93.79
Site_1010,Location_0,2025-03-28,98.81,650.49,3,61.3
Site_1010,Location_0,2025-03-29,99.6,646.66,0,60.05
Site_1010,Location_0,2025-03-30,97.99,642.92,3,77.21
Site_1011,Location_1,2025-03-01,96.0,596.64,4,70.76
Site_1011,Location_1,2025-03-02,98.99,524.14,4,65.98
Site_1011,Location_1,2025-03-03,97.32,672.18,1,79.2
Site_1011,Location_1,2025-03-04,98.0,516.67,4,90.28
Site_1011,Location_1,2025-03-05,99.76,763.13,2,79.22
Site_1011,Location_1,2025-03-06,95.52,496.82,0,82.84
Site_1011,Location_1,2025-03-07,95.09,592.94,3,88.1
Site_1011,Location_1,2025-03-08,97.8,403.91,3,62.9
Site_1011,Location_1,2025-03-09,97.67,753.01,0,92.98
Site_1011,Location_1,2025-03-10,96.79,528.84,1,87.58
Site_1011,Location_1,2025-03-11,99.0,480.06,3,64.18
Site_1011,Location_1,2025-03-12,98.18,682.59,0,97.45
Site_1011,Location_1,2025-03-13,95.26,616.52,1,97.41
Site_1011,Location_1,2025-03-14,99.74,650.12,3,73.58
Site_1011,Location_1,2025-03-15,99.07,432.05,3,82.12
Site_1011,Location_1,2025-03-16,97.99,713.53,2,61.63
Site_1011,Location_1,2025-03-17,95.82,575.44,1,62.41
Site_1011,Location_1,2025-03-18,96.24,463.82,4,84.63
Site_1011,Location_1,2025-03-19,96.65,588.07,4,67.28
Site_1011,Location_1,2025-03-20,98.95,663.48,2,66.47
Site_1011,Location_1,2025-03-21,95.1,661.31,4,99.85
Site_1011,Location_1,2025-03-22,99.87,660.13,1,76.13
Site_1011,Location_1,2025-03-23,96.1,567.36,0,93.62
Site_1011,Location_1,2025-03-24,95.87,784.31,1,89.71
Site_1011,Location_1,2025-03-25,97.13,538.37,3,90.71
Site_1011,Location_1,2025-03-26,97.52,617.32,2,83.15
Site_1011,Location_1,2025-03-27,97.19,690.1,3,94.94
Site_1011,Location_1,2025-03-28,99.5,568.69,1,99.69
Site_1011,Location_1,2025-03-29,96.42,543.66,2,84.92
Site_1011,Location_1,2025-03-30,98.16,693.25,2,91.04
Site_1012,Location_2,2025-03-01,97.03,640.74,1,69.5
Site_1012,Location_2,2025-03-02,99.86,472.39,4,62.77
Site_1012,Location_2,2025-03-03,97.19,438.96,4,77.81
Site_1012,Location_2,2025-03-04,97.57,543.69,1,63.81
Site_1012,Location_2,2025-03-05,98.26,524.86,3,70.33
Site_1012,Location_2,2025-03-06,98.28,530.08,3,65.23
Site_1012,Location_2,2025-03-07,99.85,581.52,2,95.35
Site_1012,Location_2,2025-03-08,97.21,532.36,4,73.48
Site_1012,Location_2,2025-03-09,99.14,572.36,3,83.52
Site_1012,Location_2,2025-03-10,99.74,501.01,3,75.17
Site_1012,Location_2,2025-03-11,98.03,542.69,3,78.99
Site_1012,Location_2,2025-03-12,99.22,722.27,3,94.57
Site_1012,Location_2,2025-03-13,97.79,615.96,3,70.79
Site_1012,Location_2,2025-03-14,95.29,612.47,3,62.07
Site_1012,Location_2,2025-03-15,98.2,489.88,4,97.36
Site_1012,Location_2,2025-03-16,96.58,602.89,3,65.93
Site_1012,Location_2,2025-03-17,99.93,786.05,2,60.7
Site_1012,Location_2,2025-03-18,96.62,789.24,2,79.55
Site_1012,Location_2,2025-03-19,98.33,455.86,4,65.74
Site_1012,Location_2,2025-03-20,99.7,693.16,1,67.53
Site_1012,Location_2,2025-03-21,98.65,462.47,4,98.53
Site_1012,Location_2,2025-03-22,96.28,664.65,1,74.97
Site_1012,Location_2,2025-03-23,95.09,497.66,1,94.76
Site_1012,Location_2,2025-03-24,97.85,412.15,0,87.58
Site_1012,Location_2,2025-03-25,98.38,486.27,4,86.68
Site_1012,Location_2,2025-03-26,97.89,539.43,1,99.98
Site_1012,Location_2,2025-03-27,95.24,790.87,0,99.73
Site_1012,Location_2,2025-03-28,98.76,436.19,0,64.36
Site_1012,Location_2,2025-03-29,98.25,706.08,3,86.7
Site_1012,Location_2,2025-03-30,99.04,704.91,0,72.69
Site_1013,Location_3,2025-03-01,99.34,550.27,0,73.14
Site_1013,Location_3,2025-03-02,98.15,643.93,4,75.22
Site_1013,Location_3,2025-03-03,97.74,638.59,0,77.78
Site_1013,Location_3,2025-03-04,95.07,634.82,1,90.37
Site_1013,Location_3,2025-03-05,97.5,616.95,1,79.17
Site_1013,Location_3,2025-03-06,95.13,536.5,3,65.96
Site_1013,Location_3,2025-03-07,97.63,498.43,3,84.32
Site_1013,Location_3,2025-03-08,98.82,725.19,1,88.62
Site_1013,Location_3,2025-03-09,97.61,728.96,2,60.3
Site_1013,Location_3,2025-03-10,98.24,759.21,0,86.19
Site_1013,Location_3,2025-03-11,96.9,478.86,4,74.06
Site_1013,Location_3,2025-03-12,95.51,594.35,4,71.39
Site_1013,Location_3,2025-03-13,96.54,721.21,2,83.24
Site_1013,Location_3,2025-03-14,95.45,687.05,1,70.9
Site_1013,Location_3,2025-03-15,97.07,448.75,2,64.93
Site_1013,Location_3,2025-03-16,99.3,719.91,0,82.69
Site_1013,Location_3,2025-03-17,96.28,785.17,3,63.48
Site_1013,Location_3,2025-03-18,99.08,549.4,4,85.33
Site_1013,Location_3,2025-03-19,99.76,640.64,4,95.37
Site_1013,Location_3,2025-03-20,96.14,484.82,1,66.99
Site_1013,Location_3,2025-03-21,96.8,762.36,0,69.47
Site_1013,Location_3,2025-03-22,98.9,509.92,2,94.05
Site_1013,Location_3,2025-03-23,98.36,723.81,2,84.95
Site_1013,Location_3,2025-03-24,97.26,634.64,0,89.47
Site_1013,Location_3,2025-03-25,99.31,486.7,0,67.14
Site_1013,Location_3,2025-03-26,96.56,492.1,2,69.28
Site_1013,Location_3,2025-03-27,96.95,637.79,0,99.51
Site_1013,Location_3,2025-03-28,95.68,678.06,2,77.71
Site_1013,Location_3,2025-03-29,97.23,689.81,2,99.65
Site_1013,Location_3,2025-03-30,95.64,441.64,1,73.49
Site_1014,Location_4,2025-03-01,99.53,709.05,3,63.43
Site_1014,Location_4,2025-03-02,99.47,476.75,0,69.07
Site_1014,Location_4,2025-03-03,96.77,427.77,0,93.27
Site_1014,Location_4,2025-03-04,98.35,427.97,4,70.85
Site_1014,Location_4,2025-03-05,97.96,672.05,3,72.97
Site_1014,Location_4,2025-03-06,96.67,667.79,3,86.47
Site_1014,Location_4,2025-03-07,97.79,692.26,3,62.41
Site_1014,Location_4,2025-03-08,97.81,783.05,4,85.4
Site_1014,Location_4,2025-03-09,98.77,468.19,1,63.87
Site_1014,Location_4,2025-03-10,97.25,702.47,0,72.03
Site_1014,Location_4,2025-03-11,99.91,589.95,4,64.79
Site_1014,Location_4,2025-03-12,99.87,408.01,3,97.08
Site_1014,Location_4,2025-03-13,97.7,736.81,4,63.72
Site_1014,Location_4,2025-03-14,96.29,715.16,0,84.34
Site_1014,Location_4,2025-03-15,97.53,463.72,4,61.45
Site_1014,Location_4,2025-03-16,96.52,505.25,1,75.24
Site_1014,Location_4,2025-03-17,96.73,495.62,0,72.22
Site_1014,Location_4,2025-03-18,96.98,578.88,3,94.93
Site_1014,Location_4,2025-03-19,95.81,714.51,3,94.06
Site_1014,Location_4,2025-03-20,96.04,772.24,1,81.59
Site_1014,Location_4,2025-03-21,98.14,669.72,1,94.72
Site_1014,Location_4,2025-03-22,99.03,716.01,3,92.75
Site_1014,Location_4,2025-03-23,96.61,409.16,2,87.8
Site_1014,Location_4,2025-03-24,96.73,790.24,1,92.9
Site_1014,Location_4,2025-03-25,95.66,744.81,3,84.25
Site_1014,Location_4,2025-03-26,95.7,759.3,4,72.7
Site_1014,Location_4,2025-03-27,99.76,730.08,4,74.7
Site_1014,Location_4,2025-03-28,95.34,410.32,0,69.3
Site_1014,Location_4,2025-03-29,95.4,710.69,3,72.47
Site_1014,Location_4,2025-03-30,97.53,575.8,3,94.06
Site_1015,Location_5,2025-03-01,95.0,407.08,1,86.01
Site_1015,Location_5,2025-03-02,95.76,424.54,2,67.67
Site_1015,Location_5,2025-03-03,96.06,593.84,1,62.31
Site_1015,Location_5,2025-03-04,98.48,793.47,2,66.83
Site_1015,Location_5,2025-03-05,95.37,713.08,2,67.11
Site_1015,Location_5,2025-03-06,98.46,647.22,3,99.87
Site_1015,Location_5,2025-03-07,99.07,646.09,3,66.95
Site_1015,Location_5,2025-03-08,98.28,739.21,1,65.23
Site_1015,Location_5,2025-03-09,99.43,579.91,4,74.17
Site_1015,Location_5,2025-03-10,97.63,592.65,4,75.48
Site_1015,Location_5,2025-03-11,99.82,499.43,2,76.74
Site_1015,Location_5,2025-03-12,98.95,632.86,1,67.59
Site_1015,Location_5,2025-03-13,98.09,529.4,1,69.65
Site_1015,Location_5,2025-03-14,99.88,720.61,4,61.71
Site_1015,Location_5,2025-03-15,96.86,506.34,2,78.18
Site_1015,Location_5,2025-03-16,99.22,439.23,1,65.09
Site_1015,Location_5,2025-03-17,99.32,497.39,1,79.04
Site_1015,Location_5,2025-03-18,96.88,557.79,1,91.4
Site_1015,Location_5,2025-03-19,99.46,782.13,0,86.35
Site_1015,Location_5,2025-03-20,99.71,723.55,4,71.17
Site_1015,Location_5,2025-03-21,99.65,501.22,4,93.01
Site_1015,Location_5,2025-03-22,97.48,554.54,0,84.56
Site_1015,Location_5,2025-03-23,95.33,607.36,2,64.23
Site_1015,Location_5,2025-03-24,99.94,577.31,4,61.52
Site_1015,Location_5,2025-03-25,98.73,663.61,2,62.85
Site_1015,Location_5,2025-03-26,95.06,782.6,4,75.5
Site_1015,Location_5,2025-03-27,97.31,796.64,3,90.99
Site_1015,Location_5,2025-03-28,98.31,474.08,2,76.49
Site_1015,Location_5,2025-03-29,97.75,732.21,1,60.84
Site_1015,Location_5,2025-03-30,95.41,787.14,0,99.04
Site_1016,Location_6,2025-03-01,98.34,404.17,3,84.6
Site_1016,Location_6,2025-03-02,98.87,657.56,1,79.13
Site_1016,Location_6,2025-03-03,99.48,528.89,3,71.71
Site_1016,Location_6,2025-03-04,99.9,640.75,4,96.81
Site_1016,Location_6,2025-03-05,97.6,646.6,1,65.12
Site_1016,Location_6,2025-03-06,96.69,771.23,0,74.89
Site_1016,Location_6,2025-03-07,97.16,575.76,0,66.55
Site_1016,Location_6,2025-03-08,96.37,771.33,3,67.9
Site_1016,Location_6,2025-03-09,99.43,658.32,2,86.86
Site_1016,Location_6,2025-03-10,96.58,751.71,3,96.76
Site_1016,Location_6,2025-03-11,96.26,702.02,4,99.14
Site_1016,Location_6,2025-03-12,98.74,623.13,3,62.15
Site_1016,Location_6,2025-03-13,96.6,701.27,0,97.5
Site_1016,Location_6,2025-03-14,95.22,465.93,4,87.41
Site_1016,Location_6,2025-03-15,95.46,786.05,2,66.03
Site_1016,Location_6,2025-03-16,96.71,565.37,4,83.61
Site_1016,Location_6,2025-03-17,97.54,519.02,2,66.06
Site_1016,Location_6,2025-03-18,95.47,630.87,0,90.44
Site_1016,Location_6,2025-03-19,95.8,584.62,0,89.67
Site_1016,Location_6,2025-03-20,99.41,511.16,2,76.06
Site_1016,Location_6,2025-03-21,99.0,481.61,1,89.69
Site_1016,Location_6,2025-03-22,99.08,645.99,1,74.22
Site_1016,Location_6,2025-03-23,98.92,621.69,1,90.44
Site_1016,Location_6,2025-03-24,95.18,698.29,0,98.32
Site_1016,Location_6,2025-03-25,96.84,530.77,2,93.68
Site_1016,Location_6,2025-03-26,97.35,600.82,1,74.73
Site_1016,Location_6,2025-03-27,97.24,688.83,2,65.51
Site_1016,Location_6,2025-03-28,98.32,400.75,4,61.16
Site_1016,Location_6,2025-03-29,95.83,472.53,4,63.72
Site_1016,Location_6,2025-03-30,97.94,592.39,2,62.59
Site_1017,Location_7,2025-03-01,97.9,624.59,3,62.11
Site_1017,Location_7,2025-03-02,97.43,639.75,2,70.79
Site_1017,Location_7,2025-03-03,99.13,599.3,2,62.34
Site_1017,Location_7,2025-03-04,96.67,713.96,4,91.54
Site_1017,Location_7,2025-03-05,97.59,576.08,3,64.9
Site_1017,Location_7,2025-03-06,98.68,494.34,3,62.5
Site_1017,Location_7,2025-03-07,99.01,706.64,0,97.32
Site_1017,Location_7,2025-03-08,98.21,568.5,3,79.85
Site_1017,Location_7,2025-03-09,95.89,674.36,3,75.35
Site_1017,Location_7,2025-03-10,97.86,635.11,0,82.62
Site_1017,Location_7,2025-03-11,99.9,466.12,2,60.97
Site_1017,Location_7,2025-03-12,99.16,509.23,0,97.18
Site_1017,Location_7,2025-03-13,98.91,422.45,2,77.19
Site_1017,Location_7,2025-03-14,99.36,736.77,4,79.24
Site_1017,Location_7,2025-03-15,97.18,774.94,3,65.34
Site_1017,Location_7,2025-03-16,95.4,691.18,1,96.38
Site_1017,Location_7,2025-03-17,98.9,402.81,0,66.36
Site_1017,Location_7,2025-03-18,98.05,454.14,3,86.28
Site_1017,Location_7,2025-03-19,99.78,427.58,3,61.78
Site_1017,Location_7,2025-03-20,95.18,510.29,3,91.49
Site_1017,Location_7,2025-03-21,99.87,548.48,1,93.79
Site_1017,Location_7,2025-03-22,96.34,462.55,3,61.34
Site_1017,Location_7,2025-03-23,95.31,762.57,0,73.84
Site_1017,Location_7,2025-03-24,96.58,708.74,1,89.3
Site_1017,Location_7,2025-03-25,97.74,451.2,4,62.09
Site_1017,Location_7,2025-03-26,97.09,504.06,0,79.78
Site_1017,Location_7,2025-03-27,99.9,457.99,1,67.65
Site_1017,Location_7,2025-03-28,96.69,523.48,4,84.34
Site_1017,Location_7,2025-03-29,96.75,445.64,1,88.8
Site_1017,Location_7,2025-03-30,97.09,435.54,0,80.94
Site_1018,Location_8,2025-03-01,95.57,744.06,1,81.7
Site_1018,Location_8,2025-03-02,98.96,619.54,1,63.27
Site_1018,Location_8,2025-03-03,97.29,593.88,4,65.64
Site_1018,Location_8,2025-03-04,98.32,486.44,1,78.49
Site_1018,Location_8,2025-03-05,97.06,660.39,3,62.49
Site_1018,Location_8,2025-03-06,97.56,722.56,1,99.12
Site_1018,Location_8,2025-03-07,98.97,598.9,4,66.59
Site_1018,Location_8,2025-03-08,96.65,702.7,4,86.39
Site_1018,Location_8,2025-03-09,95.81,502.2,4,78.05
Site_1018,Location_8,2025-03-10,99.92,708.8,1,62.61
Site_1018,Location_8,2025-03-11,97.32,763.69,0,75.63
Site_1018,Location_8,2025-03-12,98.99,548.77,0,75.9
Site_1018,Location_8,2025-03-13,95.47,576.43,2,68.15
Site_1018,Location_8,2025-03-14,97.62,514.86,3,90.3
Site_1018,Location_8,2025-03-15,96.38,524.94,0,75.84
Site_1018,Location_8,2025-03-16,99.58,613.21,1,77.9
Site_1018,Location_8,2025-03-17,97.79,466.41,2,74.52
Site_1018,Location_8,2025-03-18,99.49,467.54,0,83.92
Site_1018,Location_8,2025-03-19,95.17,545.48,3,92.82
Site_1018,Location_8,2025-03-20,96.57,719.44,2,95.3
Site_1018,Location_8,2025-03-21,99.02,602.08,0,76.71
Site_1018,Location_8,2025-03-22,99.92,667.17,4,72.92
Site_1018,Location_8,2025-03-23,99.99,791.91,2,66.49
Site_1018,Location_8,2025-03-24,95.06,623.9,0,61.17
Site_1018,Location_8,2025-03-25,99.11,483.9,4,98.94
Site_1018,Location_8,2025-03-26,96.68,518.6,1,64.43
Site_1018,Location_8,2025-03-27,98.8,795.23,1,92.87
Site_1018,Location_8,2025-03-28,97.3,543.12,1,92.77
Site_1018,Location_8,2025-03-29,99.4,610.17,4,64.52
Site_1018,Location_8,2025-03-30,95.44,687.63,2,65.68
Site_1019,Location_9,2025-03-01,96.74,580.14,1,84.55
Site_1019,Location_9,2025-03-02,97.18,630.9,0,93.66
Site_1019,Location_9,2025-03-03,97.36,791.64,2,61.24
Site_1019,Location_9,2025-03-04,98.7,442.54,2,87.45
Site_1019,Location_9,2025-03-05,95.35,469.95,0,86.21
Site_1019,Location_9,2025-03-06,99.96,429.07,2,87.77
Site_1019,Location_9,2025-03-07,97.56,522.12,4,61.33
Site_1019,Location_9,2025-03-08,96.52,661.27,3,94.85
Site_1019,Location_9,2025-03-09,98.83,715.38,4,95.95
Site_1019,Location_9,2025-03-10,98.25,749.69,2,82.42
Site_1019,Location_9,2025-03-11,95.55,578.82,3,75.26
Site_1019,Location_9,2025-03-12,95.64,565.1,2,76.9
Site_1019,Location_9,2025-03-13,95.21,695.96,1,98.65
Site_1019,Location_9,2025-03-14,95.64,683.08,2,93.04
Site_1019,Location_9,2025-03-15,98.5,735.78,4,98.51
Site_1019,Location_9,2025-03-16,98.63,521.9,0,71.26
Site_1019,Location_9,2025-03-17,99.36,445.03,4,81.63
Site_1019,Location_9,2025-03-18,95.48,496.76,0,78.75
Site_1019,Location_9,2025-03-19,96.51,639.34,2,69.05
Site_1019,Location_9,2025-03-20,98.65,639.52,2,96.12
Site_1019,Location_9,2025-03-21,99.26,667.12,0,99.56
Site_1019,Location_9,2025-03-22,98.13,612.53,0,71.41
Site_1019,Location_9,2025-03-23,97.15,507.11,1,82.93
Site_1019,Location_9,2025-03-24,98.29,500.92,4,83.96
Site_1019,Location_9,2025-03-25,95.57,437.54,4,61.31
Site_1019,Location_9,2025-03-26,99.34,425.87,0,61.01
Site_1019,Location_9,2025-03-27,98.47,432.88,3,78.58
Site_1019,Location_9,2025-03-28,95.69,536.33,3,77.74
Site_1019,Location_9,2025-03-29,98.04,652.52,3,91.55
Site_1019,Location_9,2025-03-30,98.2,670.57,3,64.17
Site_1020,Location_0,2025-03-01,96.92,595.07,3,98.02
Site_1020,Location_0,2025-03-02,98.0,697.44,0,70.76
Site_1020,Location_0,2025-03-03,97.03,756.59,1,74.47
Site_1020,Location_0,2025-03-04,97.36,418.26,2,71.07
Site_1020,Location_0,2025-03-05,99.86,532.54,0,84.9
Site_1020,Location_0,2025-03-06,97.35,578.99,3,68.28
Site_1020,Location_0,2025-03-07,97.58,402.2,0,68.76
Site_1020,Location_0,2025-03-08,95.18,443.21,1,78.51
Site_1020,Location_0,2025-03-09,97.19,487.4,1,71.74
Site_1020,Location_0,2025-03-10,99.66,558.81,4,71.38
Site_1020,Location_0,2025-03-11,99.09,612.64,2,80.3
Site_1020,Location_0,2025-03-12,99.37,597.42,2,61.79
Site_1020,Location_0,2025-03-13,97.25,771.77,4,75.78
Site_1020,Location_0,2025-03-14,97.11,564.41,4,88.56
Site_1020,Location_0,2025-03-15,98.04,523.75,4,88.74
Site_1020,Location_0,2025-03-16,99.77,688.56,0,85.46
Site_1020,Location_0,2025-03-17,95.26,503.04,0,84.15
Site_1020,Location_0,2025-03-18,98.43,445.8,0,78.25
Site_1020,Location_0,2025-03-19,96.85,448.41,3,81.98
Site_1020,Location_0,2025-03-20,99.5,561.7,2,74.19
Site_1020,Location_0,2025-03-21,99.71,667.43,0,85.86
Site_1020,Location_0,2025-03-22,99.44,639.48,1,65.55
Site_1020,Location_0,2025-03-23,95.58,461.73,2,88.96
Site_1020,Location_0,2025-03-24,95.6,760.98,2,81.36
Site_1020,Location_0,2025-03-25,95.71,404.68,3,71.8
Site_1020,Location_0,2025-03-26,97.43,630.88,1,96.41
Site_1020,Location_0,2025-03-27,99.04,486.42,0,89.17
Site_1020,Location_0,2025-03-28,98.26,738.24,2,77.2
Site_1020,Location_0,2025-03-29,98.36,510.15,4,94.47
Site_1020,Location_0,2025-03-30,97.95,490.51,2,78.0
Site_1021,Location_1,2025-03-01,97.9,703.74,2,83.29
Site_1021,Location_1,2025-03-02,96.86,640.43,3,75.72
Site_1021,Location_1,2025-03-03,97.63,604.67,3,77.22
Site_1021,Location_1,2025-03-04,95.71,756.04,0,97.87
Site_1021,Location_1,2025-03-05,96.7,606.9,1,85.48
Site_1021,Location_1,2025-03-06,96.7,428.68,2,72.45
Site_1021,Location_1,2025-03-07,98.39,642.31,1,93.67
Site_1021,Location_1,2025-03-08,97.9,623.88,3,66.69
Site_1021,Location_1,2025-03-09,99.86,491.39,2,81.28
Site_1021,Location_1,2025-03-10,95.68,439.72,2,75.52
Site_1021,Location_1,2025-03-11,95.8,409.34,2,65.88
Site_1021,Location_1,2025-03-12,97.44,452.02,1,64.65
Site_1021,Location_1,2025-03-13,99.78,525.59,3,99.79
Site_1021,Location_1,2025-03-14,97.73,435.28,2,98.45
Site_1021,Location_1,2025-03-15,96.95,554.2,3,99.2
Site_1021,Location_1,2025-03-16,97.39,612.9,4,90.48
Site_1021,Location_1,2025-03-17,99.17,576.18,1,93.07
Site_1021,Location_1,2025-03-18,98.55,470.87,4,73.7
Site_1021,Location_1,2025-03-19,96.35,786.57,3,73.89
Site_1021,Location_1,2025-03-20,97.9,455.68,2,66.02
Site_1021,Location_1,2025-03-21,99.08,482.92,4,99.75
Site_1021,Location_1,2025-03-22,99.4,649.36,0,91.7
Site_1021,Location_1,2025-03-23,97.31,692.33,3,94.1
Site_1021,Location_1,2025-03-24,98.55,762.78,2,96.38
Site_1021,Location_1,2025-03-25,98.61,613.35,3,61.52
Site_1021,Location_1,2025-03-26,98.73,619.73,4,91.77
Site_1021,Location_1,2025-03-27,96.38,750.84,3,98.78
Site_1021,Location_1,2025-03-28,99.75,605.16,3,79.34
Site_1021,Location_1,2025-03-29,99.32,635.49,1,79.66
Site_1021,Location_1,2025-03-30,97.61,625.08,2,80.45
Site_1022,Location_2,2025-03-01,97.46,630.91,2,95.78
Site_1022,Location_2,2025-03-02,97.28,577.38,3,92.26
Site_1022,Location_2,2025-03-03,97.38,798.45,3,60.13
Site_1022,Location_2,2025-03-04,98.2,519.37,2,72.48
Site_1022,Location_2,2025-03-05,96.28,412.32,4,97.06
Site_1022,Location_2,2025-03-06,95.1,590.74,4,61.22
Site_1022,Location_2,2025-03-07,99.36,610.89,4,74.35
Site_1022,Location_2,2025-03-08,99.02,511.5,0,91.74
Site_1022,Location_2,2025-03-09,99.95,480.26,1,93.14
Site_1022,Location_2,2025-03-10,96.47,405.73,0,73.67
Site_1022,Location_2,2025-03-11,98.16,427.61,4,90.14
Site_1022,Location_2,2025-03-12,98.84,663.42,0,93.84
Site_1022,Location_2,2025-03-13,98.07,435.44,0,88.93
Site_1022,Location_2,2025-03-14,96.4,674.96,2,73.95
Site_1022,Location_2,2025-03-15,95.55,723.29,4,87.91
Site_1022,Location_2,2025-03-16,95.03,440.38,1,63.07
Site_1022,Location_2,2025-03-17,97.5,717.81,3,65.81
Site_1022,Location_2,2025-03-18,98.55,666.74,3,94.54
Site_1022,Location_2,2025-03-19,97.01,517.01,2,60.88
Site_1022,Location_2,2025-03-20,97.92,736.89,0,85.62
Site_1022,Location_2,2025-03-21,99.89,641.4,4,76.64
Site_1022,Location_2,2025-03-22,98.8,475.14,1,83.43
Site_1022,Location_2,2025-03-23,98.12,428.71,1,69.68
Site_1022,Location_2,2025-03-24,98.57,729.01,3,65.72
Site_1022,Location_2,2025-03-25,98.88,508.56,1,65.35
Site_1022,Location_2,2025-03-26,98.15,421.73,3,76.1
Site_1022,Location_2,2025-03-27,95.51,475.62,4,61.87
Site_1022,Location_2,2025-03-28,96.38,682.79,1,78.68
Site_1022,Location_2,2025-03-29,96.7,776.18,4,97.24
Site_1022,Location_2,2025-03-30,99.13,451.97,0,93.71
Site_1023,Location_3,2025-03-01,96.57,715.57,2,77.35
Site_1023,Location_3,2025-03-02,99.55,550.93,3,87.01
Site_1023,Location_3,2025-03-03,95.58,416.92,4,75.51
Site_1023,Location_3,2025-03-04,98.16,681.54,1,65.56
Site_1023,Location_3,2025-03-05,96.27,750.2,4,98.64
Site_1023,Location_3,2025-03-06,98.81,780.31,0,71.92
Site_1023,Location_3,2025-03-07,95.53,712.73,3,99.98
Site_1023,Location_3,2025-03-08,95.52,599.43,3,94.63
Site_1023,Location_3,2025-03-09,97.38,444.39,2,74.79
Site_1023,Location_3,2025-03-10,95.26,707.03,1,82.08
Site_1023,Location_3,2025-03-11,97.08,687.86,0,86.29
Site_1023,Location_3,2025-03-12,97.36,752.06,0,91.85
Site_1023,Location_3,2025-03-13,98.77,414.38,0,65.46
Site_1023,Location_3,2025-03-14,98.26,695.44,3,98.98
Site_1023,Location_3,2025-03-15,95.26,672.88,0,95.61
Site_1023,Location_3,2025-03-16,96.44,547.11,0,92.93
Site_1023,Location_3,2025-03-17,98.91,617.52,4,87.52
Site_1023,Location_3,2025-03-18,96.21,764.43,1,60.77
Site_1023,Location_3,2025-03-19,95.62,565.46,0,89.45
Site_1023,Location_3,2025-03-20,96.65,762.43,3,60.4
Site_1023,Location_3,2025-03-21,97.32,785.4,3,75.91
Site_1023,Location_3,2025-03-22,98.81,581.97,0,80.85
Site_1023,Location_3,2025-03-23,99.88,450.22,4,63.06
Site_1023,Location_3,2025-03-24,96.91,547.09,4,70.62
Site_1023,Location_3,2025-03-25,95.09,517.32,0,89.56
Site_1023,Location_3,2025-03-26,96.12,656.74,3,60.05
Site_1023,Location_3,2025-03-27,96.5,658.58,3,93.88
Site_1023,Location_3,2025-03-28,95.12,759.42,0,84.25
Site_1023,Location_3,2025-03-29,96.46,482.84,2,72.12
Site_1023,Location_3,2025-03-30,95.33,491.29,1,84.13
Site_1024,Location_4,2025-03-01,97.37,423.89,3,62.31
Site_1024,Location_4,2025-03-02,99.79,777.09,4,81.23
Site_1024,Location_4,2025-03-03,98.25,657.84,3,91.08
Site_1024,Location_4,2025-03-04,96.02,690.25,1,95.84
Site_1024,Location_4,2025-03-05,99.24,526.06,2,65.88
Site_1024,Location_4,2025-03-06,99.06,654.38,3,85.71
Site_1024,Location_4,2025-03-07,99.05,778.96,3,81.55
Site_1024,Location_4,2025-03-08,95.3,676.0,1,65.89
Site_1024,Location_4,2025-03-09,95.04,652.37,2,61.78
Site_1024,Location_4,2025-03-10,97.08,520.77,1,69.68
Site_1024,Location_4,2025-03-11,97.5,671.85,4,84.84
Site_1024,Location_4,2025-03-12,99.64,704.34,1,67.21
Site_1024,Location_4,2025-03-13,97.29,624.35,4,79.25
Site_1024,Location_4,2025-03-14,99.49,669.74,0,99.25
Site_1024,Location_4,2025-03-15,98.97,741.51,3,86.36
Site_1024,Location_4,2025-03-16,95.54,654.62,3,99.79
Site_1024,Location_4,2025-03-17,98.56,792.46,0,68.76
Site_1024,Location_4,2025-03-18,97.29,767.75,1,99.25
Site_1024,Location_4,2025-03-19,95.95,717.04,2,74.2
Site_1024,Location_4,2025-03-20,98.49,558.08,1,98.68
Site_1024,Location_4,2025-03-21,96.96,741.69,3,69.89
Site_1024,Location_4,2025-03-22,98.2,666.64,2,98.41
Site_1024,Location_4,2025-03-23,98.82,742.08,3,60.48
Site_1024,Location_4,2025-03-24,95.05,542.81,3,69.15
Site_1024,Location_4,2025-03-25,98.17,488.83,3,67.12
Site_1024,Location_4,2025-03-26,97.57,723.31,4,69.83
Site_1024,Location_4,2025-03-27,97.01,757.86,4,64.74
Site_1024,Location_4,2025-03-28,96.44,559.13,2,98.19
Site_1024,Location_4,2025-03-29,97.47,605.09,0,85.42
Site_1024,Location_4,2025-03-30,95.45,413.05,2,98.04
Site_1025,Location_5,2025-03-01,97.89,542.85,1,99.7
Site_1025,Location_5,2025-03-02,96.93,629.54,1,86.27
Site_1025,Location_5,2025-03-03,96.2,476.64,4,98.97
Site_1025,Location_5,2025-03-04,95.14,735.93,0,61.56
Site_1025,Location_5,2025-03-05,95.18,470.09,1,87.18
Site_1025,Location_5,2025-03-06,96.12,572.55,2,82.53
Site_1025,Location_5,2025-03-07,97.14,530.54,2,71.3
Site_1025,Location_5,2025-03-08,96.77,757.64,1,95.7
Site_1025,Location_5,2025-03-09,97.1,712.15,1,95.56
Site_1025,Location_5,2025-03-10,97.72,481.78,0,71.83
Site_1025,Location_5,2025-03-11,97.97,413.12,0,74.57
Site_1025,Location_5,2025-03-12,96.48,751.8,0,76.38
Site_1025,Location_5,2025-03-13,99.05,734.33,4,89.07
Site_1025,Location_5,2025-03-14,98.87,541.04,3,66.06
Site_1025,Location_5,2025-03-15,99.38,615.64,3,77.01
Site_1025,Location_5,2025-03-16,95.19,451.15,0,60.0
Site_1025,Location_5,2025-03-17,97.08,609.0,4,88.93
Site_1025,Location_5,2025-03-18,96.0,481.43,4,72.16
Site_1025,Location_5,2025-03-19,96.15,400.59,3,98.67
Site_1025,Location_5,2025-03-20,96.12,665.22,0,93.94
Site_1025,Location_5,2025-03-21,97.11,521.17,4,88.5
Site_1025,Location_5,2025-03-22,99.08,472.65,2,99.98
Site_1025,Location_5,2025-03-23,97.03,488.2,4,81.7
Site_1025,Location_5,2025-03-24,95.75,552.28,1,88.37
Site_1025,Location_5,2025-03-25,95.84,712.25,0,70.75
Site_1025,Location_5,2025-03-26,98.14,592.75,0,84.06
Site_1025,Location_5,2025-03-27,96.48,685.77,4,82.4
Site_1025,Location_5,2025-03-28,98.9,683.4,2,74.77
Site_1025,Location_5,2025-03-29,99.66,731.0,2,92.14
Site_1025,Location_5,2025-03-30,95.61,450.05,4,94.47
Site_1026,Location_6,2025-03-01,96.37,722.83,4,65.69
Site_1026,Location_6,2025-03-02,96.07,666.06,4,94.26
Site_1026,Location_6,2025-03-03,98.51,690.82,4,97.88
Site_1026,Location_6,2025-03-04,97.48,552.21,3,91.45
Site_1026,Location_6,2025-03-05,98.67,553.74,2,91.29
Site_1026,Location_6,2025-03-06,95.62,719.02,0,98.81
Site_1026,Location_6,2025-03-07,97.19,493.99,2,80.04
Site_1026,Location_6,2025-03-08,98.53,613.72,2,77.18
Site_1026,Location_6,2025-03-09,96.54,592.91,4,98.46
Site_1026,Location_6,2025-03-10,98.57,780.99,2,95.17
Site_1026,Location_6,2025-03-11,99.04,670.86,3,71.6
Site_1026,Location_6,2025-03-12,99.36,669.08,4,62.84
Site_1026,Location_6,2025-03-13,96.56,774.12,1,93.31
Site_1026,Location_6,2025-03-14,99.53,404.86,3,67.48
Site_1026,Location_6,2025-03-15,95.1,556.27,4,74.12
Site_1026,Location_6,2025-03-16,98.11,533.62,0,95.12
Site_1026,Location_6,2025-03-17,98.03,498.85,0,71.43
Site_1026,Location_6,2025-03-18,97.16,674.18,4,62.88
Site_1026,Location_6,2025-03-19,96.03,552.58,0,85.67
Site_1026,Location_6,2025-03-20,98.36,652.91,2,91.41
Site_1026,Location_6,2025-03-21,98.01,796.14,1,97.65
Site_1026,Location_6,2025-03-22,99.57,404.59,4,99.08
Site_1026,Location_6,2025-03-23,95.52,619.11,3,76.14
Site_1026,Location_6,2025-03-24,98.69,681.82,0,68.18
Site_1026,Location_6,2025-03-25,97.6,429.62,2,68.21
Site_1026,Location_6,2025-03-26,97.42,507.41,3,81.98
Site_1026,Location_6,2025-03-27,98.45,457.58,2,63.02
Site_1026,Location_6,2025-03-28,99.76,518.92,3,83.96
Site_1026,Location_6,2025-03-29,98.12,659.4,4,60.6
Site_1026,Location_6,2025-03-30,99.83,500.36,1,78.03
Site_1027,Location_7,2025-03-01,98.36,633.42,2,70.84
Site_1027,Location_7,2025-03-02,97.99,746.44,0,64.68
Site_1027,Location_7,2025-03-03,97.25,644.9,2,89.46
Site_1027,Location_7,2025-03-04,99.41,481.05,3,88.05
Site_1027,Location_7,2025-03-05,98.4,563.26,0,75.42
Site_1027,Location_7,2025-03-06,99.68,616.8,2,98.3
Site_1027,Location_7,2025-03-07,97.0,735.92,1,89.58
Site_1027,Location_7,2025-03-08,96.07,666.0,1,60.33
Site_1027,Location_7,2025-03-09,97.17,437.05,2,63.37
Site_1027,Location_7,2025-03-10,99.04,744.53,3,77.38
Site_1027,Location_7,2025-03-11,98.62,403.62,3,84.53
Site_1027,Location_7,2025-03-12,98.19,496.81,3,68.16
Site_1027,Location_7,2025-03-13,98.27,727.35,3,60.55
Site_1027,Location_7,2025-03-14,96.24,485.76,4,63.09
Site_1027,Location_7,2025-03-15,99.56,541.94,1,89.31
Site_1027,Location_7,2025-03-16,98.03,669.15,1,74.89
Site_1027,Location_7,2025-03-17,96.67,753.99,2,79.74
Site_1027,Location_7,2025-03-18,96.42,714.71,2,84.67
Site_1027,Location_7,2025-03-19,98.71,695.17,2,90.83
Site_1027,Location_7,2025-03-20,97.14,482.49,2,81.53
Site_1027,Location_7,2025-03-21,96.34,547.38,4,86.66
Site_1027,Location_7,2025-03-22,98.94,581.74,4,94.95
Site_1027,Location_7,2025-03-23,98.19,733.46,3,81.4
Site_1027,Location_7,2025-03-24,95.72,713.59,1,92.99
Site_1027,Location_7,2025-03-25,96.46,577.57,0,68.04
Site_1027,Location_7,2025-03-26,97.95,563.05,2,79.64
Site_1027,Location_7,2025-03-27,99.64,442.16,2,76.39
Site_1027,Location_7,2025-03-28,98.28,504.09,4,66.42
Site_1027,Location_7,2025-03-29,95.35,474.26,4,89.87
Site_1027,Location_7,2025-03-30,98.6,730.6,2,64.42
Site_1028,Location_8,2025-03-01,96.45,523.92,3,77.73
Site_1028,Location_8,2025-03-02,97.77,501.95,4,74.15
Site_1028,Location_8,2025-03-03,99.14,715.72,4,73.07
Site_1028,Location_8,2025-03-04,96.77,602.25,0,72.74
Site_1028,Location_8,2025-03-05,99.52,431.06,4,80.13
Site_1028,Location_8,2025-03-06,95.97,743.53,1,95.38
Site_1028,Location_8,2025-03-07,96.72,584.74,0,60.53
Site_1028,Location_8,2025-03-08,96.48,583.68,4,88.88
Site_1028,Location_8,2025-03-09,96.92,595.75,4,66.61
Site_1028,Location_8,2025-03-10,95.01,687.5,3,80.6
Site_1028,Location_8,2025-03-11,95.81,433.42,0,76.57
Site_1028,Location_8,2025-03-12,98.66,752.66,1,74.17
Site_1028,Location_8,2025-03-13,95.53,488.94,0,68.48
Site_1028,Location_8,2025-03-14,96.56,466.77,2,73.43
Site_1028,Location_8,2025-03-15,98.75,628.76,2,82.28
Site_1028,Location_8,2025-03-16,97.08,571.58,2,87.16
Site_1028,Location_8,2025-03-17,97.06,701.44,4,80.0
Site_1028,Location_8,2025-03-18,97.06,748.21,1,60.89
Site_1028,Location_8,2025-03-19,99.73,678.65,4,64.69
Site_1028,Location_8,2025-03-20,96.69,457.14,1,80.49
Site_1028,Location_8,2025-03-21,95.57,705.92,2,68.17
Site_1028,Location_8,2025-03-22,97.54,567.71,0,84.45
Site_1028,Location_8,2025-03-23,99.29,669.3,2,82.43
Site_1028,Location_8,2025-03-24,98.14,675.45,3,95.26
Site_1028,Location_8,2025-03-25,98.66,678.91,0,78.6
Site_1028,Location_8,2025-03-26,99.37,481.37,3,73.35
Site_1028,Location_8,2025-03-27,98.96,580.52,2,92.82
Site_1028,Location_8,2025-03-28,97.02,593.74,2,63.03
Site_1028,Location_8,2025-03-29,96.94,721.42,2,71.24
Site_1028,Location_8,2025-03-30,96.04,416.79,3,67.27
Site_1029,Location_9,2025-03-01,98.72,739.17,3,85.93
Site_1029,Location_9,2025-03-02,95.37,550.19,4,99.57
Site_1029,Location_9,2025-03-03,96.16,777.02,1,72.85
Site_1029,Location_9,2025-03-04,96.1,540.21,2,88.27
Site_1029,Location_9,2025-03-05,96.87,547.79,2,86.27
Site_1029,Location_9,2025-03-06,98.54,403.35,2,93.25
Site_1029,Location_9,2025-03-07,99.21,549.3,3,63.81
Site_1029,Location_9,2025-03-08,95.52,419.46,3,90.66
Site_1029,Location_9,2025-03-09,97.92,712.78,4,74.01
Site_1029,Location_9,2025-03-10,98.39,703.4,2,86.85
Site_1029,Location_9,2025-03-11,98.1,696.9,3,67.8
Site_1029,Location_9,2025-03-12,99.45,699.99,0,70.33
Site_1029,Location_9,2025-03-13,98.03,573.27,1,95.57
Site_1029,Location_9,2025-03-14,97.89,652.96,1,72.28
Site_1029,Location_9,2025-03-15,97.07,685.11,2,67.41
Site_1029,Location_9,2025-03-16,98.0,744.61,3,88.97
Site_1029,Location_9,2025-03-17,98.73,623.17,1,87.85
Site_1029,Location_9,2025-03-18,96.91,728.73,1,98.34
Site_1029,Location_9,2025-03-19,97.16,619.74,0,70.56
Site_1029,Location_9,2025-03-20,99.7,654.55,0,81.15
Site_1029,Location_9,2025-03-21,99.13,585.25,4,86.19
Site_1029,Location_9,2025-03-22,99.12,425.26,4,92.6
Site_1029,Location_9,2025-03-23,98.89,704.34,3,90.95
Site_1029,Location_9,2025-03-24,98.74,460.24,0,78.56
Site_1029,Location_9,2025-03-25,96.32,566.1,2,92.97
Site_1029,Location_9,2025-03-26,98.15,743.25,0,95.92
Site_1029,Location_9,2025-03-27,99.44,530.12,4,77.46
Site_1029,Location_9,2025-03-28,98.33,437.73,2,92.51
Site_1029,Location_9,2025-03-29,98.53,786.91,2,99.96
Site_1029,Location_9,2025-03-30,96.63,699.27,4,94.32
Site_1030,Location_0,2025-03-01,99.99,496.6,4,72.72
Site_1030,Location_0,2025-03-02,99.81,756.68,4,91.35
Site_1030,Location_0,2025-03-03,97.83,525.11,4,69.28
Site_1030,Location_0,2025-03-04,95.07,705.74,1,88.25
Site_1030,Location_0,2025-03-05,96.54,453.06,2,60.21
Site_1030,Location_0,2025-03-06,99.69,565.93,4,83.48
Site_1030,Location_0,2025-03-07,97.9,796.27,2,77.69
Site_1030,Location_0,2025-03-08,98.54,555.69,3,82.78
Site_1030,Location_0,2025-03-09,99.34,551.65,1,73.68
Site_1030,Location_0,2025-03-10,97.64,484.65,2,77.72
Site_1030,Location_0,2025-03-11,97.47,744.42,1,88.6
Site_1030,Location_0,2025-03-12,97.97,421.34,2,93.31
Site_1030,Location_0,2025-03-13,96.81,745.46,2,66.69
Site_1030,Location_0,2025-03-14,97.5,676.35,0,85.95
Site_1030,Location_0,2025-03-15,96.38,462.48,3,76.55
Site_1030,Location_0,2025-03-16,96.02,416.94,1,86.71
Site_1030,Location_0,2025-03-17,99.19,467.89,3,87.42
Site_1030,Location_0,2025-03-18,95.12,468.57,3,78.19
Site_1030,Location_0,2025-03-19,98.43,764.09,3,79.54
Site_1030,Location_0,2025-03-20,97.01,461.48,4,93.35
Site_1030,Location_0,2025-03-21,98.21,431.42,2,83.71
Site_1030,Location_0,2025-03-22,96.77,420.8,4,76.93
Site_1030,Location_0,2025-03-23,95.42,642.74,3,69.85
Site_1030,Location_0,2025-03-24,98.45,638.71,4,99.05
Site_1030,Location_0,2025-03-25,98.42,550.18,0,99.89
Site_1030,Location_0,2025-03-26,95.15,758.95,0,78.6
Site_1030,Location_0,2025-03-27,99.24,424.96,3,73.9
Site_1030,Location_0,2025-03-28,97.18,558.38,0,94.1
Site_1030,Location_0,2025-03-29,99.69,434.04,2,91.58
Site_1030,Location_0,2025-03-30,97.08,467.25,2,78.76
Site_1031,Location_1,2025-03-01,96.34,440.39,3,77.54
Site_1031,Location_1,2025-03-02,97.65,794.12,0,98.71
Site_1031,Location_1,2025-03-03,97.2,511.35,2,73.05
Site_1031,Location_1,2025-03-04,96.5,493.0,3,93.06
Site_1031,Location_1,2025-03-05,96.83,541.48,4,62.5
Site_1031,Location_1,2025-03-06,96.05,723.61,1,73.71
Site_1031,Location_1,2025-03-07,99.32,461.97,1,93.17
Site_1031,Location_1,2025-03-08,98.53,646.89,4,79.14
Site_1031,Location_1,2025-03-09,98.9,521.45,2,60.13
Site_1031,Location_1,2025-03-10,95.87,750.16,0,78.38
Site_1031,Location_1,2025-03-11,96.53,728.95,1,71.28
Site_1031,Location_1,2025-03-12,96.82,476.29,0,82.97
Site_1031,Location_1,2025-03-13,98.34,710.82,1,72.56
Site_1031,Location_1,2025-03-14,97.69,736.04,0,90.61
Site_1031,Location_1,2025-03-15,99.7,406.33,4,79.58
Site_1031,Location_1,2025-03-16,98.71,597.03,3,87.48
Site_1031,Location_1,2025-03-17,98.29,446.8,1,64.93
Site_1031,Location_1,2025-03-18,98.49,566.46,4,95.6
Site_1031,Location_1,2025-03-19,99.09,604.06,4,83.17
Site_1031,Location_1,2025-03-20,97.45,657.9,3,98.81
Site_1031,Location_1,2025-03-21,99.66,696.64,2,65.65
Site_1031,Location_1,2025-03-22,97.85,474.11,2,68.75
Site_1031,Location_1,2025-03-23,95.91,730.28,4,83.06
Site_1031,Location_1,2025-03-24,97.79,548.47,2,97.56
Site_1031,Location_1,2025-03-25,99.47,534.99,2,93.8
Site_1031,Location_1,2025-03-26,98.98,470.05,0,61.01
Site_1031,Location_1,2025-03-27,96.26,608.03,3,69.99
Site_1031,Location_1,2025-03-28,96.32,400.26,1,91.7
Site_1031,Location_1,2025-03-29,98.14,700.11,3,78.33
Site_1031,Location_1,2025-03-30,96.76,437.51,1,69.48
Site_1032,Location_2,2025-03-01,99.74,777.87,2,69.53
Site_1032,Location_2,2025-03-02,99.54,587.23,0,90.9
Site_1032,Location_2,2025-03-03,98.51,646.1,1,80.52
Site_1032,Location_2,2025-03-04,98.52,774.07,1,75.91
Site_1032,Location_2,2025-03-05,99.14,468.28,4,90.52
Site_1032,Location_2,2025-03-06,95.23,658.64,2,84.61
Site_1032,Location_2,2025-03-07,99.55,603.94,4,62.01
Site_1032,Location_2,2025-03-08,95.17,620.46,3,97.14
Site_1032,Location_2,2025-03-09,99.98,718.4,2,77.96
Site_1032,Location_2,2025-03-10,96.19,419.85,0,90.94
Site_1032,Location_2,2025-03-11,99.57,475.66,2,66.94
Site_1032,Location_2,2025-03-12,96.9,720.58,2,90.03
Site_1032,Location_2,2025-03-13,95.63,709.11,1,87.1
Site_1032,Location_2,2025-03-14,97.83,771.66,1,72.72
Site_1032,Location_2,2025-03-15,98.75,572.44,0,71.31
Site_1032,Location_2,2025-03-16,97.09,517.01,4,98.46
Site_1032,Location_2,2025-03-17,98.34,773.28,3,83.89
Site_1032,Location_2,2025-03-18,98.27,476.92,3,93.92
Site_1032,Location_2,2025-03-19,99.74,753.94,3,74.02
Site_1032,Location_2,2025-03-20,99.56,535.91,4,60.41
Site_1032,Location_2,2025-03-21,98.58,682.5,3,99.6
Site_1032,Location_2,2025-03-22,96.56,535.99,2,93.98
Site_1032,Location_2,2025-03-23,95.44,796.68,0,97.42
Site_1032,Location_2,2025-03-24,95.93,549.0,3,67.94
Site_1032,Location_2,2025-03-25,95.82,496.0,3,70.92
Site_1032,Location_2,2025-03-26,96.71,579.51,1,67.58
Site_1032,Location_2,2025-03-27,95.03,424.04,0,90.05
Site_1032,Location_2,2025-03-28,98.77,631.16,2,71.77
Site_1032,Location_2,2025-03-29,95.57,776.61,0,60.28
Site_1032,Location_2,2025-03-30,96.06,665.41,1,88.68
Site_1033,Location_3,2025-03-01,99.28,542.71,3,96.37
Site_1033,Location_3,2025-03-02,96.57,676.42,0,77.6
Site_1033,Location_3,2025-03-03,98.65,776.09,4,77.2
Site_1033,Location_3,2025-03-04,99.15,447.96,4,81.26
Site_1033,Location_3,2025-03-05,96.44,597.13,1,65.48
Site_1033,Location_3,2025-03-06,98.67,652.9,0,75.6
Site_1033,Location_3,2025-03-07,96.78,418.1,3,89.32
Site_1033,Location_3,2025-03-08,98.29,772.62,3,94.92
Site_1033,Location_3,2025-03-09,97.62,679.88,1,82.42
Site_1033,Location_3,2025-03-10,99.71,433.09,2,92.04
Site_1033,Location_3,2025-03-11,95.52,630.74,4,64.75
Site_1033,Location_3,2025-03-12,99.9,485.88,0,95.83
Site_1033,Location_3,2025-03-13,98.92,679.88,2,86.35
Site_1033,Location_3,2025-03-14,97.66,441.31,1,91.58
Site_1033,Location_3,2025-03-15,98.74,624.5,4,92.75
Site_1033,Location_3,2025-03-16,99.92,503.87,1,77.25
Site_1033,Location_3,2025-03-17,96.74,420.14,3,61.09
Site_1033,Location_3,2025-03-18,97.62,487.3,4,84.56
Site_1033,Location_3,2025-03-19,96.26,631.05,1,92.94
Site_1033,Location_3,2025-03-20,99.1,590.94,4,91.76
Site_1033,Location_3,2025-03-21,95.79,420.71,1,66.24
Site_1033,Location_3,2025-03-22,99.17,543.33,4,93.64
Site_1033,Location_3,2025-03-23,96.11,552.4,4,83.06
Site_1033,Location_3,2025-03-24,98.81,712.6,4,68.17
Site_1033,Location_3,2025-03-25,95.08,671.68,1,87.35
Site_1033,Location_3,2025-03-26,97.66,413.06,4,72.47
Site_1033,Location_3,2025-03-27,96.25,661.66,1,98.85
Site_1033,Location_3,2025-03-28,97.81,685.9,4,68.96
Site_1033,Location_3,2025-03-29,96.2,604.92,2,61.76
Site_1033,Location_3,2025-03-30,98.47,659.29,3,82.03
Site_1034,Location_4,2025-03-01,97.02,733.46,4,77.53
Site_1034,Location_4,2025-03-02,99.5,784.9,2,74.2
Site_1034,Location_4,2025-03-03,97.07,670.33,4,62.8
Site_1034,Location_4,2025-03-04,96.98,472.71,2,61.17
Site_1034,Location_4,2025-03-05,99.54,462.51,1,66.73
Site_1034,Location_4,2025-03-06,99.4,622.82,2,70.49
Site_1034,Location_4,2025-03-07,96.57,734.6,3,96.66
Site_1034,Location_4,2025-03-08,98.18,651.93,2,63.65
Site_1034,Location_4,2025-03-09,96.57,417.22,4,77.14
Site_1034,Location_4,2025-03-10,98.66,729.79,4,86.32
Site_1034,Location_4,2025-03-11,95.04,777.27,4,77.25
Site_1034,Location_4,2025-03-12,96.9,766.02,1,93.77
Site_1034,Location_4,2025-03-13,97.42,605.64,4,96.06
Site_1034,Location_4,2025-03-14,96.08,753.74,2,93.14
Site_1034,Location_4,2025-03-15,98.56,678.68,3,69.36
Site_1034,Location_4,2025-03-16,96.05,742.88,2,97.87
Site_1034,Location_4,2025-03-17,97.0,713.32,2,78.18
Site_1034,Location_4,2025-03-18,98.9,799.05,3,86.38
Site_1034,Location_4,2025-03-19,98.44,448.16,0,67.92
Site_1034,Location_4,2025-03-20,95.33,754.85,4,72.29
Site_1034,Location_4,2025-03-21,97.73,566.88,3,65.22
Site_1034,Location_4,2025-03-22,97.83,576.9,1,95.92
Site_1034,Location_4,2025-03-23,95.42,557.24,0,62.1
Site_1034,Location_4,2025-03-24,95.8,534.25,1,69.35
Site_1034,Location_4,2025-03-25,95.12,733.98,4,72.18
Site_1034,Location_4,2025-03-26,96.32,511.96,1,97.06
Site_1034,Location_4,2025-03-27,97.1,420.25,2,76.8
Site_1034,Location_4,2025-03-28,95.05,743.18,2,83.33
Site_1034,Location_4,2025-03-29,95.06,714.95,1,83.53
Site_1034,Location_4,2025-03-30,96.99,789.52,1,62.48
Site_1035,Location_5,2025-03-01,97.68,626.43,3,77.04
Site_1035,Location_5,2025-03-02,99.16,722.26,4,72.7
Site_1035,Location_5,2025-03-03,96.3,435.04,1,63.81
Site_1035,Location_5,2025-03-04,97.25,534.98,3,71.49
Site_1035,Location_5,2025-03-05,96.4,532.8,4,94.83
Site_1035,Location_5,2025-03-06,98.8,691.01,3,87.75
Site_1035,Location_5,2025-03-07,97.76,486.5,4,92.22
Site_1035,Location_5,2025-03-08,98.8,461.56,3,89.36
Site_1035,Location_5,2025-03-09,96.73,563.09,1,62.27
Site_1035,Location_5,2025-03-10,95.17,556.76,1,67.74
Site_1035,Location_5,2025-03-11,98.21,503.93,3,95.83
Site_1035,Location_5,2025-03-12,96.49,492.0,2,85.92
Site_1035,Location_5,2025-03-13,99.38,716.21,3,86.92
Site_1035,Location_5,2025-03-14,99.12,558.8,3,86.26
Site_1035,Location_5,2025-03-15,97.68,432.81,3,70.83
Site_1035,Location_5,2025-03-16,95.41,797.03,1,80.18
Site_1035,Location_5,2025-03-17,95.59,467.62,2,83.11
Site_1035,Location_5,2025-03-18,99.33,515.78,4,90.72
Site_1035,Location_5,2025-03-19,97.17,578.58,1,73.21
Site_1035,Location_5,2025-03-20,97.82,740.23,4,77.18
Site_1035,Location_5,2025-03-21,96.39,451.67,4,91.18
Site_1035,Location_5,2025-03-22,95.08,727.35,0,95.6
Site_1035,Location_5,2025-03-23,99.96,517.63,3,91.24
Site_1035,Location_5,2025-03-24,98.96,640.99,3,64.11
Site_1035,Location_5,2025-03-25,95.63,791.66,2,98.55
Site_1035,Location_5,2025-03-26,95.68,460.71,2,83.77
Site_1035,Location_5,2025-03-27,98.02,673.01,3,60.05
Site_1035,Location_5,2025-03-28,96.89,457.36,4,78.56
Site_1035,Location_5,2025-03-29,99.72,529.53,0,86.09
Site_1035,Location_5,2025-03-30,96.26,660.17,4,84.24
Site_1036,Location_6,2025-03-01,99.25,418.0,0,99.88
Site_1036,Location_6,2025-03-02,95.92,637.66,3,73.28
Site_1036,Location_6,2025-03-03,97.33,405.47,0,70.34
Site_1036,Location_6,2025-03-04,95.14,652.55,0,86.91
Site_1036,Location_6,2025-03-05,98.62,597.04,1,86.55
Site_1036,Location_6,2025-03-06,99.83,420.17,3,83.68
Site_1036,Location_6,2025-03-07,95.83,409.87,4,62.78
Site_1036,Location_6,2025-03-08,95.45,640.36,1,96.69
Site_1036,Location_6,2025-03-09,97.03,457.31,3,99.66
Site_1036,Location_6,2025-03-10,98.63,713.91,4,96.01
Site_1036,Location_6,2025-03-11,98.96,670.54,3,84.58
Site_1036,Location_6,2025-03-12,97.91,501.45,4,70.88
Site_1036,Location_6,2025-03-13,96.09,664.73,2,83.74
Site_1036,Location_6,2025-03-14,95.08,691.51,0,86.6
Site_1036,Location_6,2025-03-15,97.78,537.09,3,96.97
Site_1036,Location_6,2025-03-16,97.3,599.59,4,64.14
Site_1036,Location_6,2025-03-17,97.01,691.58,2,71.95
Site_1036,Location_6,2025-03-18,99.46,405.45,2,74.26
Site_1036,Location_6,2025-03-19,96.27,405.16,4,98.31
Site_1036,Location_6,2025-03-20,97.83,605.78,0,75.36
Site_1036,Location_6,2025-03-21,98.33,795.53,2,69.61
Site_1036,Location_6,2025-03-22,95.47,525.97,2,93.19
Site_1036,Location_6,2025-03-23,99.88,561.89,1,62.63
Site_1036,Location_6,2025-03-24,99.46,585.53,1,79.06
Site_1036,Location_6,2025-03-25,96.59,595.61,3,87.29
Site_1036,Location_6,2025-03-26,96.58,453.28,2,89.54
Site_1036,Location_6,2025-03-27,98.33,447.82,3,88.02
Site_1036,Location_6,2025-03-28,98.77,749.14,2,89.21
Site_1036,Location_6,2025-03-29,98.1,474.66,3,90.7
Site_1036,Location_6,2025-03-30,96.54,596.82,4,94.0
Site_1037,Location_7,2025-03-01,95.98,450.22,1,80.94
Site_1037,Location_7,2025-03-02,96.41,519.23,4,81.65
Site_1037,Location_7,2025-03-03,95.43,422.81,2,83.42
Site_1037,Location_7,2025-03-04,97.72,493.5,1,71.83
Site_1037,Location_7,2025-03-05,99.66,609.29,2,87.57
Site_1037,Location_7,2025-03-06,96.26,523.11,1,66.16
Site_1037,Location_7,2025-03-07,99.89,617.91,3,89.21
Site_1037,Location_7,2025-03-08,96.82,656.39,4,99.86
Site_1037,Location_7,2025-03-09,98.5,708.18,3,74.34
Site_1037,Location_7,2025-03-10,99.56,408.37,0,99.01
Site_1037,Location_7,2025-03-11,99.17,521.21,3,87.03
Site_1037,Location_7,2025-03-12,96.98,702.5,1,76.49
Site_1037,Location_7,2025-03-13,99.67,500.35,1,83.38
Site_1037,Location_7,2025-03-14,99.85,551.14,4,73.57
Site_1037,Location_7,2025-03-15,97.53,464.77,3,99.91
Site_1037,Location_7,2025-03-16,97.26,541.89,4,94.91
Site_1037,Location_7,2025-03-17,97.26,794.32,1,84.56
Site_1037,Location_7,2025-03-18,98.08,582.98,1,62.46
Site_1037,Location_7,2025-03-19,99.07,776.2,0,98.18
Site_1037,Location_7,2025-03-20,95.76,590.97,4,64.45
Site_1037,Location_7,2025-03-21,99.34,518.94,3,75.67
Site_1037,Location_7,2025-03-22,95.81,693.75,2,87.93
Site_1037,Location_7,2025-03-23,96.07,416.79,1,94.88
Site_1037,Location_7,2025-03-24,97.88,538.19,2,71.82
Site_1037,Location_7,2025-03-25,97.65,671.36,0,75.85
Site_1037,Location_7,2025-03-26,96.48,457.39,2,77.31
Site_1037,Location_7,2025-03-27,97.98,432.25,1,78.8
Site_1037,Location_7,2025-03-28,97.51,480.31,2,91.66
Site_1037,Location_7,2025-03-29,99.58,543.92,1,71.08
Site_1037,Location_7,2025-03-30,99.7,449.74,1,99.51
Site_1038,Location_8,2025-03-01,96.63,557.65,3,61.61
Site_1038,Location_8,2025-03-02,97.03,606.51,4,60.42
Site_1038,Location_8,2025-03-03,99.48,459.66,3,98.02
Site_1038,Location_8,2025-03-04,95.11,793.01,4,60.52
Site_1038,Location_8,2025-03-05,96.13,626.76,4,77.59
Site_1038,Location_8,2025-03-06,98.22,552.38,1,83.98
Site_1038,Location_8,2025-03-07,99.51,553.29,4,96.22
Site_1038,Location_8,2025-03-08,99.18,478.76,2,93.05
Site_1038,Location_8,2025-03-09,97.94,541.24,4,62.72
Site_1038,Location_8,2025-03-10,96.09,774.15,1,91.38
Site_1038,Location_8,2025-03-11,97.99,565.66,3,76.6
Site_1038,Location_8,2025-03-12,95.07,591.33,1,67.39
Site_1038,Location_8,2025-03-13,95.3,641.74,1,71.33
Site_1038,Location_8,2025-03-14,99.19,617.2,1,63.2
Site_1038,Location_8,2025-03-15,97.21,465.35,2,89.69
Site_1038,Location_8,2025-03-16,96.22,639.2,3,75.91
Site_1038,Location_8,2025-03-17,97.56,593.32,1,65.81
Site_1038,Location_8,2025-03-18,97.53,424.82,4,82.13
Site_1038,Location_8,2025-03-19,97.6,797.83,0,82.31
Site_1038,Location_8,2025-03-20,99.8,419.48,1,67.41
Site_1038,Location_8,2025-03-21,97.71,658.23,0,73.22
Site_1038,Location_8,2025-03-22,97.95,581.71,0,63.09
Site_1038,Location_8,2025-03-23,95.85,450.78,1,90.27
Site_1038,Location_8,2025-03-24,98.4,466.43,2,87.63
Site_1038,Location_8,2025-03-25,98.64,418.79,4,63.65
Site_1038,Location_8,2025-03-26,96.43,668.96,0,62.22
Site_1038,Location_8,2025-03-27,96.66,706.39,0,76.62
Site_1038,Location_8,2025-03-28,95.12,534.15,0,63.94
Site_1038,Location_8,2025-03-29,99.78,639.74,4,69.48
Site_1038,Location_8,2025-03-30,95.48,471.61,1,87.1
Site_1039,Location_9,2025-03-01,97.73,590.04,3,62.91
Site_1039,Location_9,2025-03-02,96.4,539.98,2,93.75
Site_1039,Location_9,2025-03-03,96.62,674.92,4,68.99
Site_1039,Location_9,2025-03-04,97.0,563.87,2,73.37
Site_1039,Location_9,2025-03-05,98.65,568.0,2,74.88
Site_1039,Location_9,2025-03-06,97.61,427.19,0,98.29
Site_1039,Location_9,2025-03-07,99.45,660.91,4,84.74
Site_1039,Location_9,2025-03-08,97.84,423.67,3,87.02
Site_1039,Location_9,2025-03-09,96.98,453.2,3,89.21
Site_1039,Location_9,2025-03-10,97.86,573.62,4,99.66
Site_1039,Location_9,2025-03-11,96.04,542.18,2,88.03
Site_1039,Location_9,2025-03-12,97.95,775.47,1,83.02
Site_1039,Location_9,2025-03-13,95.81,588.7,2,82.81
Site_1039,Location_9,2025-03-14,96.05,696.91,2,74.19
Site_1039,Location_9,2025-03-15,98.9,625.56,2,87.8
Site_1039,Location_9,2025-03-16,97.84,718.5,1,80.53
Site_1039,Location_9,2025-03-17,95.65,576.22,3,70.45
Site_1039,Location_9,2025-03-18,97.1,639.72,0,67.31
Site_1039,Location_9,2025-03-19,96.6,566.21,2,71.43
Site_1039,Location_9,2025-03-20,98.67,409.58,1,97.66
Site_1039,Location_9,2025-03-21,95.87,588.66,2,85.03
Site_1039,Location_9,2025-03-22,97.75,562.95,4,70.14
Site_1039,Location_9,2025-03-23,98.21,510.21,0,94.47
Site_1039,Location_9,2025-03-24,97.89,756.26,1,85.08
Site_1039,Location_9,2025-03-25,99.04,644.66,2,70.23
Site_1039,Location_9,2025-03-26,96.64,465.85,3,91.63
Site_1039,Location_9,2025-03-27,96.92,574.4,4,83.52
Site_1039,Location_9,2025-03-28,97.13,646.17,2,63.51
Site_1039,Location_9,2025-03-29,95.86,607.23,3,83.16
Site_1039,Location_9,2025-03-30,95.07,544.15,3,85.98
Site_1040,Location_0,2025-03-01,98.34,719.46,3,70.64
Site_1040,Location_0,2025-03-02,96.66,622.96,4,78.34
Site_1040,Location_0,2025-03-03,97.82,665.21,1,92.64
Site_1040,Location_0,2025-03-04,95.09,694.37,4,71.49
Site_1040,Location_0,2025-03-05,99.4,419.69,0,65.51
Site_1040,Location_0,2025-03-06,95.0,761.29,1,94.36
Site_1040,Location_0,2025-03-07,97.5,669.96,1,96.47
Site_1040,Location_0,2025-03-08,95.2,604.89,3,68.39
Site_1040,Location_0,2025-03-09,99.88,658.24,4,72.14
Site_1040,Location_0,2025-03-10,98.91,706.34,0,66.08
Site_1040,Location_0,2025-03-11,96.64,421.79,4,86.87
Site_1040,Location_0,2025-03-12,98.65,630.02,1,89.04
Site_1040,Location_0,2025-03-13,96.83,458.89,2,85.81
Site_1040,Location_0,2025-03-14,98.73,492.89,2,60.27
Site_1040,Location_0,2025-03-15,97.62,768.61,0,74.81
Site_1040,Location_0,2025-03-16,98.76,758.8,0,86.31
Site_1040,Location_0,2025-03-17,98.21,410.23,0,62.5
Site_1040,Location_0,2025-03-18,97.43,443.61,1,72.68
Site_1040,Location_0,2025-03-19,99.04,750.2,4,94.35
Site_1040,Location_0,2025-03-20,99.29,705.86,0,96.47
Site_1040,Location_0,2025-03-21,95.49,741.33,0,62.15
Site_1040,Location_0,2025-03-22,98.35,492.51,2,72.24
Site_1040,Location_0,2025-03-23,95.32,470.85,4,65.49
Site_1040,Location_0,2025-03-24,99.76,531.53,2,92.48
Site_1040,Location_0,2025-03-25,99.73,525.17,2,92.13
Site_1040,Location_0,2025-03-26,99.93,639.14,3,85.0
Site_1040,Location_0,2025-03-27,98.19,522.86,2,98.38
Site_1040,Location_0,2025-03-28,96.09,435.26,0,92.82
Site_1040,Location_0,2025-03-29,98.38,654.42,3,83.11
Site_1040,Location_0,2025-03-30,96.54,590.88,4,99.25
Site_1041,Location_1,2025-03-01,99.66,773.55,2,93.55
Site_1041,Location_1,2025-03-02,98.36,678.81,0,72.17
Site_1041,Location_1,2025-03-03,95.7,644.8,1,61.89
Site_1041,Location_1,2025-03-04,99.81,671.67,3,69.32
Site_1041,Location_1,2025-03-05,98.48,651.85,4,71.93
Site_1041,Location_1,2025-03-06,98.88,557.25,3,81.77
Site_1041,Location_1,2025-03-07,99.88,547.65,3,81.1
Site_1041,Location_1,2025-03-08,95.86,466.98,4,61.33
Site_1041,Location_1,2025-03-09,95.61,566.34,2,70.0
Site_1041,Location_1,2025-03-10,95.37,665.26,4,78.72
Site_1041,Location_1,2025-03-11,97.05,727.05,4,92.81
Site_1041,Location_1,2025-03-12,98.24,567.59,0,71.07
Site_1041,Location_1,2025-03-13,95.23,772.33,1,89.85
Site_1041,Location_1,2025-03-14,96.56,738.26,4,96.83
Site_1041,Location_1,2025-03-15,96.73,421.89,0,76.75
Site_1041,Location_1,2025-03-16,96.1,400.09,3,80.52
Site_1041,Location_1,2025-03-17,96.41,728.89,4,64.81
Site_1041,Location_1,2025-03-18,95.34,689.61,0,69.27
Site_1041,Location_1,2025-03-19,98.53,523.08,4,73.95
Site_1041,Location_1,2025-03-20,96.87,648.53,3,69.38
Site_1041,Location_1,2025-03-21,98.75,767.14,1,62.15
Site_1041,Location_1,2025-03-22,95.95,415.58,4,63.25
Site_1041,Location_1,2025-03-23,97.26,695.64,2,87.02
Site_1041,Location_1,2025-03-24,97.54,744.58,2,61.27
Site_1041,Location_1,2025-03-25,97.67,415.08,1,99.48
Site_1041,Location_1,2025-03-26,98.77,499.44,0,95.46
Site_1041,Location_1,2025-03-27,96.99,745.17,4,88.25
Site_1041,Location_1,2025-03-28,96.73,402.79,3,98.16
Site_1041,Location_1,2025-03-29,95.61,407.31,3,93.1
Site_1041,Location_1,2025-03-30,95.0,523.13,0,65.48
Site_1042,Location_2,2025-03-01,97.69,473.97,0,71.65
Site_1042,Location_2,2025-03-02,97.09,550.75,2,96.21
Site_1042,Location_2,2025-03-03,97.46,532.06,1,93.6
Site_1042,Location_2,2025-03-04,96.7,683.56,1,71.92
Site_1042,Location_2,2025-03-05,96.6,465.71,2,85.4
Site_1042,Location_2,2025-03-06,95.62,428.21,2,90.44
Site_1042,Location_2,2025-03-07,95.21,745.86,4,66.88
Site_1042,Location_2,2025-03-08,97.38,695.15,3,77.6
Site_1042,Location_2,2025-03-09,97.41,484.91,3,90.78
Site_1042,Location_2,2025-03-10,99.67,763.68,0,92.12
Site_1042,Location_2,2025-03-11,99.9,642.37,3,71.56
Site_1042,Location_2,2025-03-12,96.89,557.33,2,88.04
Site_1042,Location_2,2025-03-13,95.97,578.88,3,91.86
Site_1042,Location_2,2025-03-14,98.7,658.21,4,76.06
Site_1042,Location_2,2025-03-15,98.97,488.2,0,61.59
Site_1042,Location_2,2025-03-16,96.37,782.26,3,98.78
Site_1042,Location_2,2025-03-17,98.67,679.84,2,97.91
Site_1042,Location_2,2025-03-18,95.71,705.41,0,80.33
Site_1042,Location_2,2025-03-19,98.1,591.1,4,73.7
Site_1042,Location_2,2025-03-20,98.14,476.81,1,78.01
Site_1042,Location_2,2025-03-21,97.66,698.29,1,85.02
Site_1042,Location_2,2025-03-22,99.04,427.61,0,82.47
Site_1042,Location_2,2025-03-23,98.36,770.52,1,65.94
Site_1042,Location_2,2025-03-24,97.98,725.75,3,65.29
Site_1042,Location_2,2025-03-25,95.98,494.99,1,82.58
Site_1042,Location_2,2025-03-26,99.66,634.6,2,88.51
Site_1042,Location_2,2025-03-27,95.97,588.52,1,67.21
Site_1042,Location_2,2025-03-28,95.55,753.47,0,87.35
Site_1042,Location_2,2025-03-29,95.13,676.02,0,94.15
Site_1042,Location_2,2025-03-30,98.63,544.16,4,75.47
Site_1043,Location_3,2025-03-01,95.4,458.87,0,63.59
Site_1043,Location_3,2025-03-02,99.55,402.42,0,69.82
Site_1043,Location_3,2025-03-03,99.06,537.14,0,66.47
Site_1043,Location_3,2025-03-04,99.83,482.32,2,69.61
Site_1043,Location_3,2025-03-05,97.22,512.95,1,81.38
Site_1043,Location_3,2025-03-06,95.98,466.49,4,83.97
Site_1043,Location_3,2025-03-07,96.01,756.09,4,73.55
Site_1043,Location_3,2025-03-08,99.76,695.17,2,62.18
Site_1043,Location_3,2025-03-09,96.57,599.68,3,69.08
Site_1043,Location_3,2025-03-10,98.72,767.68,0,87.66
Site_1043,Location_3,2025-03-11,96.31,649.7,4,67.61
Site_1043,Location_3,2025-03-12,99.59,621.42,3,90.49
Site_1043,Location_3,2025-03-13,99.06,536.74,2,91.85
Site_1043,Location_3,2025-03-14,99.16,794.31,3,97.64
Site_1043,Location_3,2025-03-15,98.12,696.65,4,89.79
Site_1043,Location_3,2025-03-16,97.23,408.01,1,83.34
Site_1043,Location_3,2025-03-17,97.32,647.68,3,67.46
Site_1043,Location_3,2025-03-18,98.75,618.28,1,83.86
Site_1043,Location_3,2025-03-19,97.42,410.75,3,68.64
Site_1043,Location_3,2025-03-20,99.84,686.05,2,84.53
Site_1043,Location_3,2025-03-21,99.03,519.87,1,81.0
Site_1043,Location_3,2025-03-22,98.54,500.87,1,86.67
Site_1043,Location_3,2025-03-23,97.55,571.51,1,60.88
Site_1043,Location_3,2025-03-24,96.79,533.46,0,93.56
Site_1043,Location_3,2025-03-25,97.75,461.26,2,97.55
Site_1043,Location_3,2025-03-26,97.46,680.35,3,76.73
Site_1043,Location_3,2025-03-27,96.55,774.69,4,95.9
Site_1043,Location_3,2025-03-28,95.6,531.14,2,84.57
Site_1043,Location_3,2025-03-29,96.63,476.69,2,73.6
Site_1043,Location_3,2025-03-30,99.35,435.25,2,87.22
Site_1044,Location_4,2025-03-01,96.37,731.07,4,88.26
Site_1044,Location_4,2025-03-02,97.68,654.13,4,71.46
Site_1044,Location_4,2025-03-03,97.59,699.21,0,82.39
Site_1044,Location_4,2025-03-04,99.29,666.77,2,72.25
Site_1044,Location_4,2025-03-05,96.33,678.48,3,63.71
Site_1044,Location_4,2025-03-06,97.66,728.66,0,64.85
Site_1044,Location_4,2025-03-07,96.51,612.99,3,62.29
Site_1044,Location_4,2025-03-08,95.87,682.97,4,84.69
Site_1044,Location_4,2025-03-09,99.85,691.05,1,64.86
Site_1044,Location_4,2025-03-10,98.61,473.51,4,86.67
Site_1044,Location_4,2025-03-11,98.12,640.99,0,76.32
Site_1044,Location_4,2025-03-12,96.4,454.55,3,67.9
Site_1044,Location_4,2025-03-13,99.03,474.31,4,75.42
Site_1044,Location_4,2025-03-14,97.53,742.4,1,71.07
Site_1044,Location_4,2025-03-15,97.79,538.8,3,96.91
Site_1044,Location_4,2025-03-16,97.51,531.15,4,78.99
Site_1044,Location_4,2025-03-17,96.68,768.21,1,61.99
Site_1044,Location_4,2025-03-18,98.12,425.24,2,63.42
Site_1044,Location_4,2025-03-19,99.86,607.2,4,71.25
Site_1044,Location_4,2025-03-20,97.29,590.15,1,63.0
Site_1044,Location_4,2025-03-21,95.53,734.99,1,67.8
Site_1044,Location_4,2025-03-22,97.52,707.5,1,83.07
Site_1044,Location_4,2025-03-23,95.6,414.58,3,77.0
Site_1044,Location_4,2025-03-24,96.91,687.63,0,93.76
Site_1044,Location_4,2025-03-25,96.31,568.69,1,84.67
Site_1044,Location_4,2025-03-26,99.3,538.48,1,73.3
Site_1044,Location_4,2025-03-27,96.58,442.65,3,69.25
Site_1044,Location_4,2025-03-28,97.02,797.31,1,98.8
Site_1044,Location_4,2025-03-29,99.33,640.32,0,71.41
Site_1044,Location_4,2025-03-30,98.15,582.26,2,68.06
Site_1045,Location_5,2025-03-01,96.33,467.9,3,96.99
Site_1045,Location_5,2025-03-02,95.28,594.25,0,81.89
Site_1045,Location_5,2025-03-03,95.82,425.55,2,73.73
Site_1045,Location_5,2025-03-04,99.26,623.69,1,90.07
Site_1045,Location_5,2025-03-05,99.53,697.37,1,75.08
Site_1045,Location_5,2025-03-06,98.02,431.89,4,75.76
Site_1045,Location_5,2025-03-07,99.25,538.34,3,92.08
Site_1045,Location_5,2025-03-08,95.8,614.94,2,95.97
Site_1045,Location_5,2025-03-09,98.12,452.52,1,93.8
Site_1045,Location_5,2025-03-10,97.38,667.9,3,87.06
Site_1045,Location_5,2025-03-11,96.5,473.62,4,74.92
Site_1045,Location_5,2025-03-12,96.05,678.32,4,61.61
Site_1045,Location_5,2025-03-13,96.63,587.42,4,77.71
Site_1045,Location_5,2025-03-14,99.24,482.4,2,68.14
Site_1045,Location_5,2025-03-15,98.85,570.2,4,72.72
Site_1045,Location_5,2025-03-16,95.04,552.85,0,63.47
Site_1045,Location_5,2025-03-17,97.69,765.29,3,93.18
Site_1045,Location_5,2025-03-18,95.67,774.16,4,77.81
Site_1045,Location_5,2025-03-19,97.44,725.23,2,97.53
Site_1045,Location_5,2025-03-20,96.38,532.87,0,90.61
Site_1045,Location_5,2025-03-21,99.65,481.92,0,69.42
Site_1045,Location_5,2025-03-22,96.55,559.65,2,68.14
Site_1045,Location_5,2025-03-23,99.77,767.41,3,99.06
Site_1045,Location_5,2025-03-24,96.89,720.74,2,85.62
Site_1045,Location_5,2025-03-25,99.25,696.35,0,73.05
Site_1045,Location_5,2025-03-26,98.78,557.5,0,65.33
Site_1045,Location_5,2025-03-27,96.21,516.68,3,69.22
Site_1045,Location_5,2025-03-28,96.45,547.74,1,64.73
Site_1045,Location_5,2025-03-29,99.77,746.23,1,86.96
Site_1045,Location_5,2025-03-30,95.08,535.58,3,88.04
Site_1046,Location_6,2025-03-01,97.05,601.85,1,97.36
Site_1046,Location_6,2025-03-02,95.66,718.96,2,80.58
Site_1046,Location_6,2025-03-03,99.28,586.75,1,83.28
Site_1046,Location_6,2025-03-04,98.99,745.75,3,97.56
Site_1046,Location_6,2025-03-05,96.47,590.19,2,87.89
Site_1046,Location_6,2025-03-06,95.42,745.18,3,62.75
Site_1046,Location_6,2025-03-07,97.75,566.87,3,68.16
Site_1046,Location_6,2025-03-08,99.13,623.08,3,72.46
Site_1046,Location_6,2025-03-09,97.01,601.1,4,94.31
Site_1046,Location_6,2025-03-10,96.52,477.07,3,71.91
Site_1046,Location_6,2025-03-11,98.9,588.65,0,66.65
Site_1046,Location_6,2025-03-12,96.66,775.97,4,60.29
Site_1046,Location_6,2025-03-13,97.28,531.69,4,78.01
Site_1046,Location_6,2025-03-14,96.27,540.75,2,80.86
Site_1046,Location_6,2025-03-15,95.62,784.57,4,90.63
Site_1046,Location_6,2025-03-16,95.4,418.82,1,65.38
Site_1046,Location_6,2025-03-17,97.34,642.36,2,61.08
Site_1046,Location_6,2025-03-18,98.92,404.21,0,82.74
Site_1046,Location_6,2025-03-19,98.96,794.68,3,75.57
Site_1046,Location_6,2025-03-20,99.44,757.57,1,79.5
Site_1046,Location_6,2025-03-21,99.73,422.89,3,78.11
Site_1046,Location_6,2025-03-22,96.39,783.55,4,83.19
Site_1046,Location_6,2025-03-23,96.41,511.6,0,99.95
Site_1046,Location_6,2025-03-24,95.27,631.42,0,77.9
Site_1046,Location_6,2025-03-25,98.65,543.1,4,70.35
Site_1046,Location_6,2025-03-26,96.58,434.79,4,78.89
Site_1046,Location_6,2025-03-27,98.56,557.16,4,82.83
Site_1046,Location_6,2025-03-28,99.55,402.47,1,97.51
Site_1046,Location_6,2025-03-29,98.4,628.07,1,98.43
Site_1046,Location_6,2025-03-30,97.69,405.68,1,78.0
Site_1047,Location_7,2025-03-01,98.46,693.26,1,71.5
Site_1047,Location_7,2025-03-02,97.69,613.33,3,63.88
Site_1047,Location_7,2025-03-03,95.28,451.69,3,93.8
Site_1047,Location_7,2025-03-04,95.3,508.67,4,80.61
Site_1047,Location_7,2025-03-05,99.95,644.54,0,94.07
Site_1047,Location_7,2025-03-06,99.09,405.46,0,73.88
Site_1047,Location_7,2025-03-07,97.16,712.71,3,91.76
Site_1047,Location_7,2025-03-08,97.88,536.83,3,88.22
Site_1047,Location_7,2025-03-09,95.94,700.24,1,70.43
Site_1047,Location_7,2025-03-10,95.05,659.32,3,80.51
Site_1047,Location_7,2025-03-11,99.22,431.84,3,94.54
Site_1047,Location_7,2025-03-12,95.7,627.68,3,78.0
Site_1047,Location_7,2025-03-13,99.63,664.0,3,63.7
Site_1047,Location_7,2025-03-14,97.29,557.79,2,88.73
Site_1047,Location_7,2025-03-15,95.62,639.84,1,69.91
Site_1047,Location_7,2025-03-16,96.74,758.22,3,72.92
Site_1047,Location_7,2025-03-17,99.45,464.25,3,69.21
Site_1047,Location_7,2025-03-18,95.53,728.7,0,74.14
Site_1047,Location_7,2025-03-19,96.58,596.41,4,88.45
Site_1047,Location_7,2025-03-20,95.03,705.54,1,91.17
Site_1047,Location_7,2025-03-21,97.61,656.41,0,69.66
Site_1047,Location_7,2025-03-22,98.41,686.39,3,75.24
Site_1047,Location_7,2025-03-23,97.48,403.11,1,83.85
Site_1047,Location_7,2025-03-24,98.7,484.39,3,87.49
Site_1047,Location_7,2025-03-25,99.07,566.96,2,97.51
Site_1047,Location_7,2025-03-26,98.39,447.61,4,67.96
Site_1047,Location_7,2025-03-27,96.74,648.09,1,65.03
Site_1047,Location_7,2025-03-28,96.45,495.5,2,76.45
Site_1047,Location_7,2025-03-29,98.52,486.98,2,65.57
Site_1047,Location_7,2025-03-30,99.33,748.63,2,92.01
Site_1048,Location_8,2025-03-01,96.21,427.21,2,70.67
Site_1048,Location_8,2025-03-02,97.53,711.09,3,89.86
Site_1048,Location_8,2025-03-03,95.06,657.79,3,72.51
Site_1048,Location_8,2025-03-04,95.3,680.63,0,91.11
Site_1048,Location_8,2025-03-05,96.13,470.41,2,90.65
Site_1048,Location_8,2025-03-06,96.52,724.65,2,92.64
Site_1048,Location_8,2025-03-07,99.92,763.9,4,69.01
Site_1048,Location_8,2025-03-08,98.31,643.87,1,66.25
Site_1048,Location_8,2025-03-09,98.76,627.31,4,60.08
Site_1048,Location_8,2025-03-10,96.3,607.31,4,82.77
Site_1048,Location_8,2025-03-11,98.16,607.5,2,77.97
Site_1048,Location_8,2025-03-12,96.48,771.86,3,72.91
Site_1048,Location_8,2025-03-13,96.29,585.59,0,78.2
Site_1048,Location_8,2025-03-14,95.82,521.65,1,95.99
Site_1048,Location_8,2025-03-15,98.14,575.46,0,93.37
Site_1048,Location_8,2025-03-16,97.89,658.56,1,81.15
Site_1048,Location_8,2025-03-17,95.17,655.59,4,94.65
Site_1048,Location_8,2025-03-18,97.5,518.62,1,77.28
Site_1048,Location_8,2025-03-19,100.0,488.13,2,79.54
Site_1048,Location_8,2025-03-20,97.62,666.77,2,96.43
Site_1048,Location_8,2025-03-21,97.18,451.63,3,85.04
Site_1048,Location_8,2025-03-22,95.38,444.96,2,68.79
Site_1048,Location_8,2025-03-23,97.22,759.77,2,75.4
Site_1048,Location_8,2025-03-24,99.71,644.15,1,80.28
Site_1048,Location_8,2025-03-25,97.86,772.94,4,66.82
Site_1048,Location_8,2025-03-26,97.18,585.6,4,97.23
Site_1048,Location_8,2025-03-27,95.12,678.68,2,68.92
Site_1048,Location_8,2025-03-28,97.04,539.11,1,62.61
Site_1048,Location_8,2025-03-29,99.11,658.52,0,80.57
Site_1048,Location_8,2025-03-30,97.7,502.04,0,96.47
Site_1049,Location_9,2025-03-01,97.2,415.98,2,63.88
Site_1049,Location_9,2025-03-02,95.32,637.08,1,62.2
Site_1049,Location_9,2025-03-03,97.13,587.61,4,97.88
Site_1049,Location_9,2025-03-04,96.38,559.18,4,62.64
Site_1049,Location_9,2025-03-05,99.86,544.02,1,86.47
Site_1049,Location_9,2025-03-06,99.08,699.82,1,88.61
Site_1049,Location_9,2025-03-07,96.34,526.27,2,64.1
Site_1049,Location_9,2025-03-08,95.06,455.88,4,77.96
Site_1049,Location_9,2025-03-09,97.3,430.79,2,92.85
Site_1049,Location_9,2025-03-10,96.22,568.52,0,95.08
Site_1049,Location_9,2025-03-11,96.22,620.23,4,70.17
Site_1049,Location_9,2025-03-12,98.16,409.99,3,80.56
Site_1049,Location_9,2025-03-13,98.03,652.75,4,81.86
Site_1049,Location_9,2025-03-14,95.46,702.66,4,89.1
Site_1049,Location_9,2025-03-15,99.35,475.78,4,62.28
Site_1049,Location_9,2025-03-16,97.94,736.14,3,64.38
Site_1049,Location_9,2025-03-17,96.01,799.33,0,73.98
Site_1049,Location_9,2025-03-18,97.98,509.69,1,77.63
Site_1049,Location_9,2025-03-19,96.3,735.36,4,87.01
Site_1049,Location_9,2025-03-20,96.03,540.99,2,87.75
Site_1049,Location_9,2025-03-21,96.53,703.7,2,98.51
Site_1049,Location_9,2025-03-22,98.14,473.64,4,92.51
Site_1049,Location_9,2025-03-23,97.89,647.31,1,62.83
Site_1049,Location_9,2025-03-24,98.3,723.68,4,79.89
Site_1049,Location_9,2025-03-25,99.75,519.98,0,72.57
Site_1049,Location_9,2025-03-26,99.79,413.37,0,66.66
Site_1049,Location_9,2025-03-27,98.56,470.36,3,61.92
Site_1049,Location_9,2025-03-28,97.42,405.86,1,90.36
Site_1049,Location_9,2025-03-29,97.5,764.71,2,85.84
Site_1049,Location_9,2025-03-30,96.16,462.7,0,74.03
